dV/V0,delta1 (%),delta2 (%),delta3(%),theta1 (deg),theta2 (deg),theta3(deg)
0,0,0,0,0,0,0
0.001758242,0.065644444,2.34E-03,0.011722222,0.005902497,0,0
0.003516484,0.007033333,0.004688889,0.025788889,0.005902497,0,0
0.005274725,0.004688889,2.34E-03,0.030477778,0.011742959,0,0
0.007032967,0.056266667,4.69E-03,0.030477778,0.011742959,0,0
0.008791209,0.002344444,0.004688889,0.032822222,0.011742959,0,0
0.010549451,0.009377778,0.016411111,0.032822222,0.011742959,0,0
0.012307692,0.056266667,0.0422,0.035166667,0.005779681,0,0
0.014065934,0.004688889,0.037511111,0.035166667,0.005779681,0,0
0.015824176,0.044544444,0.075022222,0.039855556,6.08E-05,0,0
0.017582418,0.009377778,0.030477778,0.039855556,0.000121601,0.022487194,0.003158163
0.019340659,0.030477778,0.037511111,0.044544444,0.000243152,0.022487194,0.003158163
0.021098901,0.035166667,0.039855556,0.044544444,6.08E-05,0.025393619,0.003158163
0.022857143,0.0211,0.009377778,0.009377778,0.005782075,0.022487194,0.017896697
0.024615385,0.0211,0.035166667,0.0422,0.000121651,0.017060393,0.023164806
0.026373626,0.023444444,0.032822222,0.0422,0.011867017,0.017060393,0.017896697
0.028131868,0.0211,0.028133333,0.0422,0.006025364,0.017060393,0.023164806
0.02989011,0.0211,0.011722222,0.044544444,0.006025364,0.017060393,0.016852624
0.031648352,0.0211,0.0211,0.044544444,0.005721839,0.017060393,0.016852624
0.033406593,0.0211,0.002344444,0.051577778,0.011566546,0.017060393,0.011583895
0.035164835,0.0211,0.023444444,0.058611111,0.011566546,0.017060393,0.00526877
0.036923077,0.0211,0.0211,0.056266667,0.011566546,0.017060393,0.014740586
0.038681319,0.0211,0.007033333,0.056266667,0.011566546,0.017060393,0.011583895
0.04043956,0.0211,0.014066667,0.082055556,0.011566546,0.017060393,0.011583895
0.042197802,0.0211,0.014066667,0.091433333,0.000243352,0.017060393,0.011583895
0.043956044,0.0211,0.014066667,0.091433333,0.005721839,0.005427165,0.011583895
0.045714286,0.0211,0.014066667,0.091433333,0.005661591,0.005427165,0.008426623
0.047472527,0.018755556,0.014066667,0.035166667,0.005420473,0.005427165,0.008426623
0.049230769,0.018755556,0.014066667,0.077366667,0.005420473,0.019190853,0.013695663
0.050989011,0.018755556,0.030477778,0.077366667,0.005420473,0.019190853,0.010538121
0.052747253,0.018755556,0.0211,0.065644444,0.02314268,0.019190853,0.00526877
0.054505495,0.018755556,0.014066667,0.070333333,0.02314268,0.019190853,0.013695663
0.056263736,0.018755556,0.014066667,0.070333333,0.02314268,0.019190853,0.008426623
0.058021978,0.023444444,0.014066667,0.070333333,0.02314268,0.019190853,0.026349659
0.05978022,0.028133333,0.011722222,0.070333333,0.02314268,0.019190853,0.021078565
0.061538462,0.028133333,0.011722222,0.070333333,0.02314268,0.019190853,0.021078565
0.063296703,0.025788889,0.007033333,0.060955556,0.02314268,0.019190853,0.021078565
0.065054945,0.025788889,0.004688889,0.075022222,0.02314268,0.019190853,0.017921064
0.066813187,0.025788889,0.007033333,0.077366667,0.02314268,0.019190853,0.007379998
0.068571429,0.025788889,0.011722222,0.077366667,0.02314268,0.019190853,0.007379998
0.07032967,0.025788889,0.016411111,0.075022222,0.02314268,0.004641305,0.004221294
0.072087912,0.025788889,0.014066667,0.103155556,0.023201151,0.02461673,0.007379998
0.073846154,0.032822222,0.046888889,0.098466667,0.00620976,0.025014531,0.007379998
0.075604396,0.032822222,0.070333333,0.121911111,0.006148282,0.00991438,0.006315745
0.077362637,0.032822222,0.067988889,0.121911111,0.000486905,0.014950695,0.022121935
0.079120879,0.072677778,0.093777778,0.082055556,0.012301622,0.025014531,0.008426623
0.080879121,0.091433333,0.103155556,0.082055556,0.018271709,0.017467753,0.008426623
0.082637363,0.091433333,0.103155556,0.091433333,0.012301622,0.017467753,0.008426623
0.084395604,0.100811111,0.103155556,0.093777778,0.018271709,0.017467753,0.008426623
0.086153846,0.119566667,0.103155556,0.089088889,0.00651734,0.020940407,0.008426623
0.087912088,0.107844444,0.100811111,0.0844,0.017294346,0.056829318,0.008426623
0.08967033,0.154733333,0.100811111,0.086744444,0.01096947,0.063661892,0.008426623
0.091428571,0.150044444,0.1055,0.086744444,0.022733044,0.061508819,0.01578501
0.093186813,0.154733333,0.1266,0.086744444,0.024623501,0.061508819,0.031588404
0.094945055,0.192244444,0.121911111,0.0844,0.000486905,0.061508819,0.024207178
0.096703297,0.208655556,0.119566667,0.0844,0.012239497,0.065168972,0.024207178
0.098461538,0.208655556,0.164111111,0.0844,0.029339299,0.073507889,0.028433494
0.10021978,0.203966667,0.180522222,0.0844,0.011268162,0.025987024,0.11893557
0.101978022,0.215688889,0.173488889,0.0844,0.031112802,0.02889676,0.052667718
0.103736264,0.215688889,0.203966667,0.082055556,0.013297366,0.019778363,0.05271384
0.105494505,0.220377778,0.241477778,0.082055556,0.055583929,0.024488811,0.054833097
0.107252747,0.225066667,0.241477778,0.082055556,0.137854352,0.019002734,0.08211693
0.109010989,0.281333333,0.300088889,0.077366667,0.108546705,0.014411088,0.077999927
0.110769231,0.283677778,0.297744444,0.077366667,0.036771403,0.015120018,0.102178984
0.112527473,0.286022222,0.307122222,0.119566667,0.055383612,0.007556707,0.114769837
0.114285714,0.290711111,0.349322222,0.119566667,0.049526622,0.040147804,0.097930375
0.116043956,0.323533333,0.349322222,0.114877778,0.019844594,0.038999557,0.116809977
0.117802198,0.370422222,0.330566667,0.133633333,0.015516625,0.046584385,0.111540121
0.11956044,0.323533333,0.339944444,0.133633333,0.007998149,0.000225452,0.101078423
0.121318681,0.377455556,0.339944444,0.1477,0.038784808,0.046624858,0.099029822
0.123076923,0.377455556,0.3376,0.1477,0.097485099,0.041909477,0.084238248
0.124835165,0.377455556,0.344633333,0.1266,0.062699742,0.044818845,0.086293088
0.126593407,0.422,0.346977778,0.1266,0.033407231,0.036089084,0.127258772
0.128351648,0.424344444,0.351666667,0.1055,0.019907679,0.010650382,0.122080411
0.13010989,0.424344444,0.403244444,0.1055,0.003545046,0.021140887,0.121061788
0.131868132,0.480611111,0.372766667,0.110188889,0.020665712,0.004820777,0.12318863
0.133626374,0.482955556,0.407933333,0.138322222,0.056606433,0.014731383,0.130590097
0.135384615,0.482955556,0.445444444,0.140666667,0.032830842,0.008907311,0.186115504
0.137142857,0.482955556,0.457166667,0.140666667,0.009351193,0.013223607,0.15674646
0.138901099,0.4853,0.459511111,0.140666667,0.049857558,0.018226359,0.145194095
0.140659341,0.489988889,0.482955556,0.140666667,0.026405359,0.019002734,0.144078105
0.142417582,0.543911111,0.501711111,0.180522222,0.021500576,0.00818363,0.181975828
0.144175824,0.574388889,0.501711111,0.182866667,0.097485099,0.050635925,0.164033377
0.145934066,0.553288889,0.550944444,0.203966667,0.026405359,0.114097779,0.190252443
0.147692308,0.557977778,0.555633333,0.215688889,0.050786003,0.064038934,0.117916102
0.149450549,0.579077778,0.5697,0.234444444,0.014734526,0.04367336,0.151476166
0.151208791,0.583766667,0.588455556,0.262577778,0.062859794,0.054175849,0.169421312
0.152967033,0.595488889,0.600177778,0.278988889,0.109849299,0.062529677,0.163025595
0.154725275,0.607211111,0.616588889,0.307122222,0.008183767,0.059997345,0.199929443
0.156483516,0.668166667,0.614244444,0.307122222,0.020033887,0.065439779,0.163140588
0.158241758,0.668166667,0.628311111,0.339944444,0.003302179,0.059997345,0.189382599
0.16,0.672855556,0.642377778,0.335255556,0.002687953,0.065439779,0.238176343
0.161758242,0.729122222,0.672855556,0.330566667,0.020792234,0.065439779,0.251540169
0.163516484,0.7385,0.670511111,0.332911111,0.044456035,0.065439779,0.219884508
0.165274725,0.7385,0.670511111,0.393866667,0.003059111,0.065439779,0.181098259
0.167032967,0.7807,0.703333333,0.393866667,0.014742849,0.065439779,0.205203731
0.168791209,0.773666667,0.703333333,0.393866667,0.032599952,0.108632463,0.196792357
0.170549451,0.829933333,0.733811111,0.393866667,0.026725792,0.108999153,0.238842948
0.172307692,0.836966667,0.761944444,0.452477778,0.026725792,0.098105993,0.244118866
0.174065934,0.836966667,0.790077778,0.452477778,0.026725792,0.087215044,0.240985974
0.175824176,0.862755556,0.804144444,0.511088889,0.020793903,0.069002254,0.216749782
0.177582418,0.881511111,0.808833333,0.511088889,0.026725792,0.063930561,0.211475544
0.179340659,0.8862,0.815866667,0.511088889,0.026724635,0.074827431,0.216749782
0.181098901,0.9284,0.815866667,0.557977778,0.03841819,0.074827431,0.194790527
0.182857143,0.9284,0.876822222,0.567355556,0.080166132,0.071539211,0.184238235
0.184615385,0.9284,0.876822222,0.572044444,0.103740642,0.074076909,0.178962956
0.186373626,0.977633333,0.911988889,0.635344444,0.074020966,0.090434139,0.193788895
0.188131868,0.958877778,0.930744444,0.633,0.062098625,0.073701376,0.193788895
0.18989011,0.963566667,0.926055556,0.691611111,0.008448238,0.082068128,0.22018578
0.191648352,0.951844444,0.942466667,0.691611111,0.039175994,0.065711449,0.291432845
0.193406593,1.019833333,0.958877778,0.691611111,0.015361514,0.074076909,0.239330752
0.195164835,1.024522222,0.963566667,0.729122222,0.00942417,0.057724668,0.248744406
0.196923077,1.083133333,0.998733333,0.752566667,0.00942417,0.057724668,0.206486042
0.198681319,1.078444444,1.010455556,0.757255556,0.003609904,0.043910309,0.201206351
0.20043956,1.078444444,1.010455556,0.757255556,0.002389634,0.043910309,0.160112543
0.202197802,1.087822222,1.0128,0.813522222,0.002389634,0.05404927,0.163255725
0.203956044,1.1394,1.010455556,0.815866667,0.002389634,0.056965648,0.163255725
0.205714286,1.127677778,1.062033333,0.813522222,0.026024739,0.056965648,0.197064827
0.207472527,1.151122222,1.0972,0.846344444,0.03231107,0.029710057,0.184366586
0.209230769,1.209733333,1.083133333,0.869788889,0.020262745,0.037308727,0.188642314
0.210989011,1.209733333,1.083133333,0.8651,0.032079749,0.037308727,0.181224659
0.212747253,1.207388889,1.106577778,0.883855556,0.044012498,0.078030734,0.168532572
0.214505495,1.209733333,1.132366667,0.904955556,0.044012498,0.078030734,0.19492549
0.216263736,1.209733333,1.165188889,0.904955556,0.044012498,0.121707076,0.203346216
0.218021978,1.261311111,1.165188889,0.961222222,0.044012498,0.121707076,0.21719613
0.21978022,1.2027,1.172222222,0.935433333,0.044012498,0.121707076,0.21719613
0.221538462,1.263655556,1.2238,0.9495,0.044012498,0.097319899,0.220336698
0.223296703,1.263655556,1.2238,0.987011111,0.044069104,0.097319899,0.218193157
0.225054945,1.266,1.261311111,0.989355556,0.044012498,0.064578201,0.220336698
0.226813187,1.336333333,1.289444444,1.029211111,0.044012498,0.053668745,0.21191197
0.228571429,1.326955556,1.2871,1.026866667,0.044012498,0.083114671,0.21191197
0.23032967,1.326955556,1.291788889,1.062033333,0.044012498,0.123527919,0.245774007
0.232087912,1.352744444,1.291788889,1.083133333,0.015926917,0.142479985,0.1876384
0.233846154,1.364466667,1.315233333,1.083133333,0.013907219,0.134459622,0.225775547
0.235604396,1.411355556,1.317577778,1.083133333,0.045443325,0.123892094,0.22248087
0.237362637,1.411355556,1.319922222,1.111266667,0.004102785,0.118428378,0.22248087
0.239120879,1.411355556,1.343366667,1.111266667,0.019730595,0.088201583,0.220487806
0.240879121,1.465277778,1.343366667,1.113611111,0.001779693,0.091118136,0.205770398
0.242637363,1.523888889,1.397288889,1.176911111,0.013907219,0.096579073,0.217494628
0.244395604,1.523888889,1.399633333,1.165188889,0.013847438,0.093662892,0.212203832
0.246153846,1.521544444,1.394944444,1.176911111,0.120811219,0.025242693,0.216347193
0.247912088,1.5192,1.394944444,1.190977778,0.049669838,0.115513687,0.233370502
0.24967033,1.4981,1.453555556,1.228488889,0.019848937,0.115513687,0.238500992
0.251428571,1.523888889,1.460588889,1.230833333,0.019848937,0.14283969,0.238500992
0.253186813,1.528577778,1.481688889,1.212077778,0.019848937,0.14283969,0.242799338
0.254945055,1.526233333,1.535611111,1.242555556,0.025907727,0.119882502,0.236675491
0.256703297,1.528577778,1.535611111,1.270688889,0.031500608,0.071067567,0.24296471
0.258461538,1.544988889,1.554366667,1.289444444,0.019316013,0.095466491,0.237669795
0.26021978,1.575466667,1.6036,1.322266667,0.100128492,0.098384336,0.210058722
0.261978022,1.6036,1.580155556,1.322266667,0.034144121,0.098384336,0.206913616
0.263736264,1.631733333,1.594222222,1.352744444,0.040221537,0.11186435,0.206913616
0.265494505,1.659866667,1.6036,1.362122222,0.022632709,0.103480183,0.212203832
0.267252747,1.671588889,1.622355556,1.369155556,0.006997658,0.103480183,0.206913616
0.269010989,1.697377778,1.634077778,1.369155556,0.034598126,0.095095271,0.255536176
0.270769231,1.706755556,1.641111111,1.423077778,0.028711549,0.095095271,0.290449766
0.272527473,1.725511111,1.648144444,1.423077778,0.016934687,0.106029226,0.290449766
0.274285714,1.755988889,1.652833333,1.441833333,0.010919456,0.111497038,0.239152737
0.276043956,1.704411111,1.659866667,1.423077778,0.010919456,0.111497038,0.228077963
0.277802198,1.791155556,1.664555556,1.4559,0.010919456,0.111497038,0.246108448
0.27956044,1.786466667,1.6669,1.465277778,0.010919456,0.111497038,0.257688726
0.281318681,1.831011111,1.690344444,1.465277778,0.010857004,0.080493983,0.233370502
0.283076923,1.831011111,1.718477778,1.465277778,0.010857004,0.074649565,0.25239418
0.284835165,1.840388889,1.723166667,1.484033333,0.030513304,0.074649565,0.230226396
0.286593407,1.873211111,1.725511111,1.4981,0.036525579,0.074649565,0.236675491
0.288351648,1.8568,1.760677778,1.516855556,0.036525579,0.074649565,0.223936439
0.29010989,1.875555556,1.765366667,1.535611111,0.036468024,0.074649565,0.223936439
0.291868132,1.882588889,1.781777778,1.559055556,0.036410458,0.074649565,0.229230508
0.293626374,1.891966667,1.781777778,1.575466667,0.036410458,0.121339163,0.229230508
0.295384615,1.901344444,1.838044444,1.605944444,0.036410458,0.175745908,0.228234144
0.297142857,1.931822222,1.838044444,1.631733333,0.042365809,0.175745908,0.239984013
0.298901099,1.931822222,1.845077778,1.643455556,0.043332312,0.151270666,0.237832044
0.300659341,1.950577778,1.852111111,1.643455556,0.082623947,0.151270666,0.240978055
0.302417582,1.974022222,1.854455556,1.643455556,0.036813172,0.077572053,0.25239418
0.304175824,1.999811111,1.901344444,1.643455556,0.005722454,0.077572053,0.282805904
0.305934066,2.016222222,1.901344444,1.669244444,0.01848504,0.077572053,0.251062539
0.307692308,2.034977778,1.906033333,1.685655556,0.006391112,0.115866322,0.266305269
0.309450549,2.056077778,1.908377778,1.699722222,0.017890005,0.110394039,0.261007131
0.311208791,2.0678,1.938855556,1.699722222,0.047982955,0.13264914,0.264150181
0.312967033,2.091244444,1.931822222,1.699722222,0.041795682,0.13264914,0.257863499
0.314725275,2.091244444,1.922444444,1.746611111,0.024146708,0.124622598,0.257863499
0.316483516,2.147511111,1.981055556,1.737233333,0.035661003,0.124622598,0.264329085
0.318241758,2.1311,1.955266667,1.737233333,0.029697606,0.135204711,0.265317414
0.32,2.145166667,2.013877778,1.779433333,0.083948332,0.200931179,0.267473509
0.321758242,2.154544444,2.013877778,1.786466667,0.047926544,0.200931179,0.267473509
0.323516484,2.147511111,2.016222222,1.795844444,0.023557258,0.200931179,0.272774345
0.325274725,2.156888889,2.072488889,1.800533333,0.089540583,0.200931179,0.269630239
0.327032967,2.1733,2.077177778,1.802877778,0.060011457,0.200931179,0.26118408
0.328791209,2.159233333,2.074833333,1.816944444,0.059956308,0.200931179,0.249590797
0.330549451,2.201433333,2.154544444,1.875555556,0.006512522,0.195103239,0.249590797
0.332307692,2.208466667,2.138133333,1.868522222,0.031164646,0.194755402,0.280234292
0.334065934,2.241288889,2.138133333,1.896655556,0.023908475,0.172829416,0.281218968
0.335824176,2.267077778,2.138133333,1.927133333,0.023908475,0.090686486,0.315201975
0.337582418,2.253011111,2.201433333,1.927133333,0.065641989,0.16186977,0.330148611
0.339340659,2.250666667,2.199088889,1.929477778,0.03687809,0.164787013,0.297125757
0.341098901,2.313966667,2.201433333,1.929477778,0.125645321,0.219261777,0.305775557
0.342857143,2.309277778,2.201433333,1.950577778,0.029230425,0.222175439,0.305775557
0.344615385,2.316311111,2.227222222,1.950577778,0.089384237,0.23023445,0.276104246
0.346373626,2.377266667,2.227222222,1.990433333,0.125064901,0.205721743,0.285537192
0.348131868,2.377266667,2.210811111,2.0256,0.048357175,0.177958139,0.300267426
0.34989011,2.377266667,2.267077778,2.006844444,0.023716772,0.139234801,0.31303778
0.351648352,2.4054,2.267077778,2.006844444,0.005772313,0.139234801,0.331121936
0.353406593,2.438222222,2.250666667,2.020911111,0.018128167,0.139234801,0.313457549
0.355164835,2.438222222,2.267077778,2.032633333,0.018128167,0.160801658,0.382557208
0.356923077,2.449944444,2.264733333,2.044355556,0.018128167,0.160801658,0.32288966
0.358681319,2.440566667,2.2999,2.056077778,0.018128167,0.160801658,0.344136756
0.36043956,2.471044444,2.381955556,2.063111111,0.018128167,0.190793115,0.291036495
0.362197802,2.4687,2.325688889,2.095933333,0.018128167,0.190793115,0.274130836
0.363956044,2.459322222,2.3843,2.095933333,0.053495393,0.187874789,0.274130836
0.365714286,2.501522222,2.4476,2.100622222,0.053495393,0.187874789,0.283760197
0.367472527,2.494488889,2.398366667,2.126411111,0.053551265,0.187874789,0.294379307
0.369230769,2.4898,2.431188889,2.147511111,0.053551265,0.190793115,0.288085235
0.370989011,2.515588889,2.442911111,2.149855556,0.059514709,0.190793115,0.288085235
0.372747253,2.541377778,2.442911111,2.220188889,0.059514709,0.166285131,0.281598636
0.374505495,2.548411111,2.487455556,2.220188889,0.059514709,0.166285131,0.287891125
0.376263736,2.5742,2.480422222,2.217844444,0.059404194,0.154961049,0.334708486
0.378021978,2.602333333,2.492144444,2.248322222,0.059404194,0.154961049,0.334708486
0.37978022,2.623433333,2.501522222,2.281144444,0.065368891,0.187874789,0.352826114
0.381538462,2.639844444,2.499177778,2.290522222,0.065368891,0.187874789,0.352826114
0.383296703,2.675011111,2.499177778,2.283488889,0.065368891,0.187874789,0.302835579
0.385054945,2.707833333,2.536688889,2.281144444,0.065368891,0.187874789,0.30500075
0.386813187,2.705488889,2.5531,2.281144444,0.065368891,0.198155606,0.269995399
0.388571429,2.717211111,2.5531,2.274111111,0.065368891,0.184254264,0.329615212
0.39032967,2.731277778,2.555444444,2.262388889,0.058961675,0.150963555,0.325274969
0.392087912,2.705488889,2.5742,2.323344444,0.046909139,0.153886926,0.297525469
0.393846154,2.759411111,2.597644444,2.323344444,0.070792766,0.151322513,0.296742976
0.395604396,2.789888889,2.597644444,2.316311111,0.016815816,0.151322513,0.32744477
0.397362637,2.750033333,2.590611111,2.318655556,0.14328324,0.156809738,0.372143321
0.399120879,2.794577778,2.667977778,2.360855556,0.04110996,0.156809738,0.330369228
0.400879121,2.836777778,2.672666667,2.374922222,0.071009235,0.200033266,0.337626466
0.402637363,2.8063,2.665633333,2.391333333,0.07703115,0.224593955,0.270544863
0.404395604,2.836777778,2.747688889,2.391333333,0.07703115,0.224593955,0.265226981
0.406153846,2.836777778,2.698455556,2.388988889,0.076977682,0.224593955,0.265226981
0.407912088,2.841466667,2.731277778,2.4476,0.076977682,0.224593955,0.310520669
0.40967033,2.876633333,2.745344444,2.452288889,0.076977682,0.224593955,0.305205723
0.411428571,2.895388889,2.757066667,2.454633333,0.076977682,0.287692438,0.325057426
0.413186813,2.923522222,2.778166667,2.499177778,0.076977682,0.185421262,0.329394878
0.414945055,2.9329,2.778166667,2.5109,0.076977682,0.190918048,0.323105809
0.416703297,2.937588889,2.789888889,2.5109,0.082311132,0.152452329,0.298707955
0.418461538,2.942277778,2.789888889,2.506211111,0.082152131,0.2129108,0.314857523
0.42021978,2.968066667,2.796922222,2.506211111,0.088182328,0.185070077,0.31604814
0.421978022,3.026677778,2.796922222,2.517933333,0.088287071,0.201566071,0.314089185
0.423736264,3.019644444,2.796922222,2.543722222,0.088287071,0.201566071,0.318218547
0.425494505,3.012611111,2.860222222,2.564822222,0.088287071,0.201566071,0.283348486
0.427252747,3.057155556,2.862566667,2.564822222,0.088234705,0.174075554,0.306392175
0.429010989,3.054811111,2.860222222,2.571855556,0.088234705,0.174075554,0.299110317
0.430769231,3.031366667,2.857877778,2.578888889,0.088234705,0.13854007,0.29694289
0.432527473,3.108733333,2.8696,2.592955556,0.088234705,0.166009054,0.304429259
0.434285714,3.113422222,2.930555556,2.614055556,0.088234705,0.201566071,0.306598232
0.436043956,3.094666667,2.925866667,2.618744444,0.088234705,0.248500175,0.287488342
0.437802198,3.115766667,2.925866667,2.646877778,0.088234705,0.287039226,0.328859884
0.43956044,3.115766667,2.984477778,2.646877778,0.088234705,0.248164077,0.311918665
0.441318681,3.115766667,2.984477778,2.689077778,0.088234705,0.248164077,0.321583178
0.443076923,3.132177778,2.984477778,2.696111111,0.130022928,0.248164077,0.316260347
0.444835165,3.160311111,2.984477778,2.714866667,0.111991382,0.316539987,0.323538923
0.446593407,3.167344444,3.057155556,2.717211111,0.111991382,0.305513233,0.28866903
0.448351648,3.179066667,3.047777778,2.731277778,0.117920579,0.305513233,0.304634179
0.45010989,3.174377778,3.0595,2.752377778,0.111891543,0.236816423,0.363460388
0.451868132,3.235333333,3.0595,2.7641,0.111941468,0.181793149,0.329835824
0.453626374,3.235333333,3.078255556,2.7641,0.111941468,0.181793149,0.361525741
0.455384615,3.235333333,3.078255556,2.7641,0.111941468,0.247827816,0.34024972
0.457142857,3.2705,3.078255556,2.796922222,0.111891543,0.247827816,0.37506117
0.458901099,3.293944444,3.0806,2.796922222,0.111891543,0.311347452,0.354030895
0.460659341,3.293944444,3.082944444,2.825055556,0.117821967,0.311347452,0.302872272
0.462417582,3.324422222,3.129833333,2.855533333,0.117821967,0.272776839,0.37434558
0.464175824,3.3549,3.129833333,2.855533333,0.117821967,0.228729815,0.366846206
0.465934066,3.3549,3.129833333,2.855533333,0.117821967,0.203448726,0.302872272
0.467692308,3.361933333,3.181411111,2.855533333,0.117821967,0.195020179,0.380631612
0.469450549,3.371311111,3.181411111,2.855533333,0.063008462,0.225465564,0.413800929
0.471208791,3.425233333,3.181411111,2.886011111,0.063063597,0.222541719,0.344826277
0.472967033,3.427577778,3.183755556,2.886011111,0.075045409,0.241646181,0.337555184
0.474725275,3.368966667,3.242366667,2.893044444,0.081036333,0.241646181,0.359828894
0.476483516,3.4393,3.235333333,2.935244444,0.081036333,0.288650734,0.362976234
0.478241758,3.432266667,3.284566667,2.925866667,0.081036333,0.324334523,0.355473463
0.48,3.432266667,3.2705,2.951655556,0.087079885,0.324334523,0.338077469
0.481758242,3.432266667,3.315044444,2.979788889,0.087079885,0.324334523,0.360797934
0.483516484,3.472122222,3.315044444,2.979788889,0.087079885,0.324334523,0.361766507
0.485274725,3.507288889,3.315044444,3.026677778,0.087079885,0.264016661,0.358859387
0.487032967,3.507288889,3.315044444,3.054811111,0.087079885,0.264016661,0.27388436
0.488791209,3.514322222,3.315044444,2.991511111,0.087079885,0.192443678,0.316472822
0.490549451,3.547144444,3.315044444,3.040744444,0.087079885,0.192443678,0.321799017
0.492307692,3.572933333,3.317388889,3.040744444,0.087079885,0.254581568,0.277415469
0.494065934,3.584655556,3.317388889,3.040744444,0.087079885,0.248732293,0.394503046
0.495824176,3.612788889,3.322077778,3.040744444,0.068890938,0.248732293,0.311566225
0.497582418,3.605755556,3.317388889,3.1017,0.080876533,0.248732293,0.348438787
0.499340659,3.615133333,3.315044444,3.104044444,0.087185088,0.248732293,0.401762293
0.501098901,3.617477778,3.322077778,3.089977778,0.092862172,0.248732293,0.377025475
0.502857143,3.643266667,3.390066667,3.082944444,0.087185088,0.248732293,0.377990908
0.504615385,3.640922222,3.326766667,3.078255556,0.086869347,0.248732293,0.371695881
0.506373626,3.640922222,3.359588889,3.139211111,0.093122185,0.248732293,0.368793092
0.508131868,3.640922222,3.387722222,3.139211111,0.092810137,0.248732293,0.342135439
0.50989011,3.640922222,3.387722222,3.157966667,0.099111889,0.248732293,0.384794722
0.511648352,3.654988889,3.406477778,3.172033333,0.092810137,0.248732293,0.358128271
0.513406593,3.652644444,3.411166667,3.225955556,0.093122185,0.23151192,0.370482048
0.515164835,3.694844444,3.446333333,3.225955556,0.092810137,0.23151192,0.419405712
0.516923077,3.694844444,3.446333333,3.216577778,0.093122185,0.217210234,0.38864939
0.518681319,3.720633333,3.453366667,3.244711111,0.092810137,0.264943601,0.433590714
0.52043956,3.748766667,3.465088889,3.265811111,0.093122185,0.273384855,0.367824562
0.522197802,3.727666667,3.507288889,3.265811111,0.110388942,0.273384855,0.381137544
0.523956044,3.769866667,3.507288889,3.298633333,0.104797074,0.265276286,0.34093256
0.525714286,3.781588889,3.483844444,3.317388889,0.104441305,0.265276286,0.37992038
0.527472527,3.790966667,3.486188889,3.317388889,0.110790558,0.265276286,0.366366873
0.529230769,3.790966667,3.530733333,3.317388889,0.110439181,0.265276286,0.408744488
0.530989011,3.795655556,3.530733333,3.310355556,0.110790558,0.265276286,0.370975765
0.532747253,3.854266667,3.526044444,3.319733333,0.140428715,0.265276286,0.397388737
0.534505495,3.854266667,3.526044444,3.3338,0.140805155,0.265276286,0.361520394
0.536263736,3.858955556,3.526044444,3.345522222,0.134526212,0.265276286,0.361520394
0.538021978,3.858955556,3.530733333,3.326766667,0.098906406,0.32045952,0.389870671
0.53978022,3.858955556,3.540111111,3.326766667,0.098597859,0.265276286,0.364672771
0.541538462,3.868333333,3.561211111,3.3549,0.098906406,0.265276286,0.359578527
0.543296703,3.905844444,3.561211111,3.357244444,0.098597859,0.265276286,0.401762293
0.545054945,3.912877778,3.603411111,3.387722222,0.098906406,0.283435176,0.419961257
0.546813187,3.917566667,3.603411111,3.387722222,0.098597859,0.286032364,0.394241113
0.548571429,3.929288889,3.603411111,3.420544444,0.104390438,0.286032364,0.381390988
0.55032967,3.941011111,3.603411111,3.448677778,0.104441305,0.286032364,0.398614143
0.552087912,3.938666667,3.617477778,3.448677778,0.122385981,0.286032364,0.416537828
0.553846154,3.938666667,3.631544444,3.453366667,0.128384516,0.286032364,0.397652632
0.555604396,3.971488889,3.6503,3.472122222,0.128384516,0.286032364,0.375343052
0.557362637,3.980866667,3.6503,3.462744444,0.128336151,0.286032364,0.376309965
0.559120879,3.978522222,3.718288889,3.462744444,0.128336151,0.286032364,0.41339176
0.560879121,3.999622222,3.718288889,3.462744444,0.128336151,0.286032364,0.380679072
0.562637363,4.023066667,3.718288889,3.488533333,0.128336151,0.286032364,0.362490625
0.564395604,4.039477778,3.718288889,3.514322222,0.128336151,0.286032364,0.380425856
0.566153846,4.037133333,3.718288889,3.514322222,0.128336151,0.286032364,0.407097868
0.567912088,4.062922222,3.720633333,3.514322222,0.128336151,0.286032364,0.449506764
0.56967033,4.100433333,3.720633333,3.530733333,0.128336151,0.286032364,0.425018174
0.571428571,4.126222222,3.720633333,3.530733333,0.128336151,0.304557896,0.43978461
0.573186813,4.147322222,3.720633333,3.530733333,0.128336151,0.315615784,0.393540221
0.574945055,4.142633333,3.720633333,3.587,0.15837734,0.315615784,0.438833584
0.576703297,4.166077778,3.720633333,3.587,0.164375934,0.315615784,0.416813818
0.578461538,4.166077778,3.767522222,3.587,0.15837734,0.315615784,0.408598478
0.58021978,4.166077778,3.765177778,3.582311111,0.170330568,0.315615784,0.412707522
0.581978022,4.1567,3.779244444,3.582311111,0.170330568,0.315615784,0.354715648
0.583736264,4.173111111,3.779244444,3.594033333,0.170330568,0.315615784,0.43435895
0.585494505,4.161388889,3.779244444,3.594033333,0.145914932,0.315615784,0.415856397
0.587252747,4.173111111,3.844888889,3.594033333,0.121404163,0.301307091,0.390648954
0.589010989,4.161388889,3.8402,3.612788889,0.14554203,0.301307091,0.362732607
0.590769231,4.208277778,3.8402,3.645611111,0.157743327,0.298379472,0.466135232
0.592527473,4.208277778,3.889433333,3.654988889,0.151643953,0.298379472,0.444463307
0.594285714,4.229377778,3.873022222,3.657333333,0.139768427,0.298379472,0.449150685
0.596043956,4.290333333,3.889433333,3.659677778,0.151689951,0.298379472,0.459235742
0.597802198,4.290333333,3.891777778,3.659677778,0.151689951,0.35141333,0.452298133
0.59956044,4.292677778,3.898811111,3.715944444,0.151689951,0.35141333,0.491283783
0.601318681,4.318466667,3.943355556,3.715944444,0.121650004,0.35141333,0.401334345
0.603076923,4.337222222,3.950388889,3.715944444,0.121600856,0.35141333,0.445707953
0.604835165,4.3677,3.896466667,3.715944444,0.109583689,0.35141333,0.474626527
0.606593407,4.363011111,3.912877778,3.762833333,0.115592267,0.35141333,0.463629853
0.608351648,4.391144444,3.931633333,3.762833333,0.121650004,0.35141333,0.458591267
0.61010989,4.400522222,3.929288889,3.739388889,0.121453352,0.35141333,0.432831284
0.611868132,4.405211111,3.929288889,3.7347,0.115442872,0.35141333,0.420239555
0.613626374,4.4099,3.969144444,3.751111111,0.115442872,0.35141333,0.496300817
0.615384615,4.4099,3.9879,3.751111111,0.115442872,0.35141333,0.468971551
0.617142857,4.426311111,3.9879,3.751111111,0.115442872,0.35141333,0.4377982
0.618901099,4.426311111,3.997277778,3.751111111,0.115442872,0.35141333,0.396518634
0.620659341,4.4521,4.041822222,3.769866667,0.145495373,0.372168539,0.402831241
0.622417582,4.4521,4.041822222,3.786277778,0.175591624,0.375699034,0.42929803
0.624175824,4.454444444,4.046511111,3.795655556,0.175591624,0.403860468,0.427102097
0.625934066,4.459133333,4.044166667,3.802688889,0.121453352,0.406780018,0.531955447
0.627692308,4.461477778,4.044166667,3.802688889,0.12150253,0.395400371,0.456694843
0.629450549,4.468511111,4.069955556,3.830822222,0.085072634,0.436818079,0.427102097
0.631208791,4.468511111,4.100433333,3.8613,0.091191627,0.412319792,0.48311717
0.632967033,4.531811111,4.1145,3.880055556,0.199631464,0.356636306,0.439995962
0.634725275,4.555255556,4.121533333,3.9035,0.133570168,0.358938241,0.466135232
0.636483516,4.5787,4.130911111,3.898811111,0.085284677,0.386635478,0.460146044
0.638241758,4.5787,4.121533333,3.929288889,0.145448707,0.392176621,0.502301309
0.64,4.583388889,4.123877778,3.929288889,0.115293383,0.448486562,0.499158493
0.641758242,4.606833333,4.1145,3.929288889,0.115293383,0.395400371,0.445640723
0.643516484,4.618555556,4.116844444,3.929288889,0.145355344,0.40850463,0.433023585
0.645274725,4.625588889,4.121533333,3.929288889,0.217387621,0.344623554,0.451646915
0.647032967,4.625588889,4.142633333,3.931633333,0.205479985,0.333547433,0.498830285
0.648791209,4.625588889,4.1778,3.943355556,0.066810268,0.251222462,0.474307787
0.650549451,4.646688889,4.142633333,3.943355556,0.121158065,0.372323759,0.396690656
0.652307692,4.646688889,4.203588889,3.948044444,0.066810268,0.363857356,0.48563951
0.654065934,4.646688889,4.203588889,3.948044444,0.145261942,0.352775935,0.465188878
0.655824176,4.665444444,4.203588889,3.994933333,0.162179647,0.344623554,0.459197468
0.657582418,4.691233333,4.236411111,3.994933333,0.121354964,0.344623554,0.462347073
0.659340659,4.693577778,4.280955556,4.001966667,0.156195806,0.344623554,0.462347073
0.661098901,4.709988889,4.229377778,4.016033333,0.180871484,0.341696778,0.450696248
0.662857143,4.717022222,4.280955556,4.058233333,0.283450064,0.338769436,0.453546872
0.664615385,4.733433333,4.287988889,4.058233333,0.121158065,0.338769436,0.385820854
0.666373626,4.740466667,4.299711111,4.058233333,0.127269548,0.338769436,0.466751091
0.668131868,4.740466667,4.302055556,4.058233333,0.151183448,0.338769436,0.459805202
0.66989011,4.799077778,4.302055556,4.067611111,0.053988425,0.338769436,0.47840172
0.671648352,4.799077778,4.306744444,4.074644444,0.17511257,0.338769436,0.467059605
0.673406593,4.817833333,4.365355556,4.074644444,0.163033951,0.358627377,0.410789595
0.675164835,4.815488889,4.365355556,4.095744444,0.187146357,0.372938795,0.479345722
0.676923077,4.845966667,4.363011111,4.1145,0.187146357,0.371091882,0.48249291
0.678681319,4.906922222,4.365355556,4.1145,0.187146357,0.365545348,0.495401937
0.68043956,4.932711111,4.365355556,4.1145,0.180957512,0.396209393,0.499816152
0.682197802,4.9163,4.365355556,4.1145,0.168962952,0.373711542,0.479345722
0.683956044,4.918644444,4.351288889,4.1145,0.168962952,0.373711542,0.500755184
0.685714286,4.972566667,4.355977778,4.1145,0.168962952,0.378953189,0.500755184
0.687472527,4.970222222,4.358322222,4.144977778,0.168962952,0.373711542,0.503901063
0.689230769,4.970222222,4.405211111,4.1778,0.168962952,0.373711542,0.495075784
0.690989011,5.026488889,4.419277778,4.1778,0.168962952,0.373711542,0.5218309
0.692747253,5.007733333,4.416933333,4.1778,0.168962952,0.415186951,0.440949111
0.694505495,5.0007,4.426311111,4.1778,0.168962952,0.448223654,0.504232989
0.696263736,5.010077778,4.470855556,4.159044444,0.168962952,0.448223654,0.494461662
0.698021978,5.014766667,4.468511111,4.159044444,0.168962952,0.442375332,0.50296288
0.69978022,5.014766667,4.463822222,4.227033333,0.168962952,0.442375332,0.506442391
0.701538462,5.026488889,4.524777778,4.243444444,0.168962952,0.442375332,0.497936726
0.703296703,5.026488889,4.463822222,4.2411,0.168962952,0.473946656,0.506109019
0.705054945,5.033522222,4.489611111,4.238755556,0.241152158,0.468390313,0.514947399
0.706813187,5.049933333,4.520088889,4.255166667,0.204873299,0.46546966,0.514947399
0.708571429,5.110888889,4.520088889,4.266888889,0.204873299,0.468390313,0.513335174
0.71032967,5.110888889,4.520088889,4.266888889,0.192745774,0.493537611,0.500755184
0.712087912,5.110888889,4.562288889,4.266888889,0.186722542,0.476866353,0.495728502
0.713846154,5.174188889,4.552911111,4.266888889,0.180699319,0.473946656,0.496668837
0.715604396,5.176533333,4.548222222,4.273922222,0.180699319,0.40963454,0.445345811
0.717362637,5.204666667,4.5576,4.273922222,0.180699319,0.451435893,0.496668837
0.719120879,5.2117,4.559944444,4.3044,0.186722542,0.476300895,0.554319995
0.720879121,5.2117,4.559944444,4.334877778,0.186722542,0.481578521,0.526597428
0.722637363,5.230455556,4.559944444,4.334877778,0.186595224,0.418408709,0.513074534
0.724395604,5.230455556,4.555255556,4.337222222,0.186595224,0.449670601,0.501746341
0.726153846,5.230455556,4.559944444,4.344255556,0.186595224,0.40490745,0.534520385
0.727912088,5.258588889,4.559944444,4.351288889,0.180699319,0.410232285,0.566886856
0.72967033,5.289066667,4.569322222,4.351288889,0.180699319,0.423072983,0.566886856
0.731428571,5.286722222,4.569322222,4.374733333,0.180699319,0.390053685,0.566886856
0.733186813,5.286722222,4.606833333,4.374733333,0.192369282,0.382363506,0.564669621
0.734945055,5.265622222,4.646688889,4.402866667,0.198274474,0.438866076,0.570400903
0.736703297,5.267966667,4.649033333,4.402866667,0.198233206,0.481014929,0.563746022
0.738461538,5.298444444,4.649033333,4.414588889,0.198191929,0.455840707,0.535100207
0.74021978,5.314855556,4.677166667,4.461477778,0.198233206,0.386211795,0.555246132
0.741978022,5.314855556,4.681855556,4.445066667,0.192159811,0.413995086,0.544530956
0.743736264,5.319544444,4.6842,4.454444444,0.192159811,0.413995086,0.528462601
0.745494505,5.368777778,4.672477778,4.461477778,0.192159811,0.413995086,0.528462601
0.747252747,5.399255556,4.686544444,4.461477778,0.204183405,0.413995086,0.505171231
0.749010989,5.434422222,4.745155556,4.487266667,0.204183405,0.413995086,0.48092343
0.750769231,5.429733333,4.709988889,4.510711111,0.204183405,0.413995086,0.549321495
0.752527473,5.453177778,4.714677778,4.510711111,0.198150644,0.413995086,0.613710796
0.754285714,5.453177778,4.714677778,4.522433333,0.198150644,0.452915553,0.613710796
0.756043956,5.471933333,4.728744444,4.522433333,0.204305331,0.45555256,0.636100631
0.757802198,5.490688889,4.7475,4.522433333,0.204305331,0.44706354,0.517158635
0.75956044,5.509444444,4.7686,4.522433333,0.215973061,0.44706354,0.527877233
0.761318681,5.474277778,4.785011111,4.522433333,0.216091351,0.488940866,0.543959546
0.763076923,5.490688889,4.763911111,4.522433333,0.20989575,0.500074846,0.567258705
0.764835165,5.558677778,4.801422222,4.534155556,0.234122324,0.45761484,0.555610667
0.766593407,5.523511111,4.777977778,4.534155556,0.228085708,0.45761484,0.556171821
0.768351648,5.539922222,4.822522222,4.548222222,0.228085708,0.457326873,0.477142341
0.77010989,5.556333333,4.785011111,4.566977778,0.228085708,0.457326873,0.548960868
0.771868132,5.5493,4.862377778,4.585733333,0.228085708,0.457326873,0.441533571
0.773626374,5.582122222,4.862377778,4.583388889,0.228085708,0.457326873,0.523451752
0.775384615,5.5704,4.862377778,4.625588889,0.228085708,0.457326873,0.531955447
0.777142857,5.5704,4.8741,4.625588889,0.228085708,0.457326873,0.51213742
0.778901099,5.631355556,4.899888889,4.646688889,0.228085708,0.457326873,0.521583075
0.780659341,5.631355556,4.899888889,4.644344444,0.228085708,0.457326873,0.56411592
0.782417582,5.631355556,4.899888889,4.660755556,0.228085708,0.477526272,0.535804358
0.784175824,5.6337,4.899888889,4.651377778,0.228085708,0.477526272,0.59093249
0.785934066,5.6548,4.906922222,4.677166667,0.246086784,0.421888323,0.584648451
0.787692308,5.704033333,4.906922222,4.677166667,0.246050503,0.433011365,0.53545206
0.789450549,5.699344444,4.899888889,4.677166667,0.246050503,0.443845551,0.545246846
0.791208791,5.694655556,4.904577778,4.660755556,0.246050503,0.518882662,0.568181951
0.792967033,5.694655556,4.911611111,4.660755556,0.246050503,0.363374343,0.569478057
0.794725275,5.694655556,4.913955556,4.637311111,0.282090806,0.458190349,0.544317216
0.796483516,5.692311111,4.892855556,4.630277778,0.282090806,0.416625385,0.572620513
0.798241758,5.694655556,4.899888889,4.630277778,0.269970943,0.516506653,0.566335013
0.8,5.689966667,4.902233333,4.6209,0.269970943,0.53218785,0.549321495
