p [kPa],Beta1 (deg),Beta2 (deg)
0,0,0
0.0038,0.014655339,0
0.0075,0.027814832,0.011336599
0.0113,0.039486982,0.011336599
0.0150,0.051009214,0.051239369
0.0188,0.051009214,0.041452839
0.0225,0.051009214,0.018776769
0.0263,0.081728544,0.018776769
0.0300,0.122444214,0.039854259
0.0338,0.122444214,0.031667587
0.0375,0.099176589,0.021898265
0.0413,0.087509645,0.021898265
0.0450,0.154542355,0.022684805
0.0488,0.113571331,0.022684805
0.0525,0.179309406,0.043012988
0.0563,0.161810935,0.043012988
0.0601,0.188058409,0.060952356
0.0638,0.188058409,0.060952356
0.0676,0.208468668,0.059367013
0.0713,0.195321082,0.060159539
0.0751,0.295870261,0.081252606
0.0788,0.209974363,0.081252606
0.0826,0.250738262,0.073091341
0.0863,0.25218063,0.073091341
0.0901,0.300340334,0.073886968
0.0938,0.390549392,0.083643523
0.0976,0.364457164,0.115298302
0.1013,0.35709522,0.104747004
0.1051,0.354247659,0.093396213
0.1088,0.359940753,0.093396213
0.1126,0.384877693,0.09259731
0.1163,0.384877693,0.10314504
0.1201,0.414098447,0.124239617
0.1239,0.414098447,0.124239617
0.1276,0.42431277,0.169676671
0.1314,0.466579992,0.169676671
0.1351,0.484207435,0.190783122
0.1389,0.49302652,0.202155308
0.1426,0.510237189,0.211067328
0.1464,0.53205731,0.200516787
0.1501,0.500024216,0.222440539
0.1539,0.500024216,0.211067328
0.1576,0.542269988,0.241064379
0.1614,0.542269988,0.241064379
0.1651,0.552483161,0.241890604
0.1689,0.584508902,0.231342903
0.1726,0.609072204,0.251609847
0.1764,0.625365304,0.262985095
0.1802,0.626740915,0.288252682
0.1839,0.626740915,0.288252682
0.1877,0.629490666,0.297971098
0.1914,0.610449916,0.286582031
0.1952,0.693484144,0.328788034
0.1989,0.703693462,0.301821054
0.2027,0.724113552,0.371839689
0.2064,0.74588909,0.371839689
0.2102,0.779995164,0.349889176
0.2139,0.780777078,0.349889176
0.2177,0.768424268,0.361287968
0.2214,0.758202618,0.373541866
0.2252,0.77247449,0.321602718
0.2289,0.795599071,0.321602718
0.2327,0.835120611,0.373541866
0.2364,0.832443396,0.375245298
0.2402,0.833782242,0.410611979
0.2440,0.835120611,0.400924692
0.2477,0.897761945,0.434281216
0.2515,0.893779094,0.434281216
0.2552,0.952495794,0.464188006
0.2590,0.952495794,0.464188006
0.2627,0.946224339,0.508107601
0.2665,0.957766041,0.508107601
0.2702,0.999972149,0.504608038
0.2740,0.99760523,0.504608038
0.2777,1.012809181,0.540624139
0.2815,1.011502698,0.540624139
0.2852,0.999972149,0.555592351
0.2890,0.997353262,0.546803589
0.2927,1.039567315,0.534480134
0.2965,1.02172497,0.534480134
0.3003,1.081773975,0.599599365
0.3040,1.094586003,0.599599365
0.3078,1.131629297,0.619818099
0.3115,1.148243043,0.579371916
0.3153,1.224920318,0.588149383
0.3190,1.224920318,0.598705951
0.3228,1.210949115,0.620715375
0.3265,1.210949115,0.620715375
0.3303,1.221187782,0.633072293
0.3340,1.213493417,0.632172422
0.3378,1.250525803,0.633731756
0.3415,1.250525803,0.635529061
0.3453,1.290181151,0.737748476
0.3490,1.334856218,0.737748476
0.3528,1.351574023,0.735911125
0.3565,1.365539807,0.735911125
0.3603,1.434687958,0.724915381
0.3641,1.434687958,0.721695956
0.3678,1.456387103,0.793644127
0.3716,1.479750966,0.793644127
0.3753,1.475632371,0.836730989
0.3791,1.501465706,0.836730989
0.3828,1.510000379,0.828734554
0.3866,1.510000379,0.774785881
0.3903,1.538275496,0.856868781
0.3941,1.538275496,0.856868781
0.3978,1.639479627,0.872115914
0.4016,1.662351312,0.873059134
0.4053,1.682834446,0.906599436
0.4091,1.682834446,0.902076405
0.4128,1.645452062,0.95647021
0.4166,1.70568616,0.955511942
0.4204,1.713562329,0.90564974
0.4241,1.713562329,0.90564974
0.4279,1.746646446,1.020691299
0.4316,1.74782203,0.944040173
0.4354,1.78644468,1.008212321
0.4391,1.816015981,1.008212321
0.4429,1.875201135,1.008212321
0.4466,1.864947775,1.008212321
0.4504,1.875201135,1.037882055
0.4541,1.854694829,1.053294013
0.4579,1.935586671,1.134028299
0.4616,1.98456493,1.143588354
0.4654,1.992547976,1.179790256
0.4691,1.992547976,1.193335273
0.4729,1.975453327,1.179335426
0.4766,2.030056668,1.171805698
0.4804,2.021047562,1.209396227
0.4842,2.034679421,1.209396227
0.4879,2.093961878,1.2484951
0.4917,2.09507633,1.268154334
0.4954,2.136098875,1.282108859
0.4992,2.198345552,1.282108859
0.5029,2.213789926,1.312673087
0.5067,2.224056973,1.312673087
0.5104,2.239771536,1.305211158
0.5142,2.239771536,1.337585251
0.5179,2.262458264,1.348369338
0.5217,2.246153879,1.348369338
0.5254,2.333186061,1.412603591
0.5292,2.333186061,1.412603591
0.5329,2.366100172,1.435761184
0.5367,2.363968416,1.448394973
0.5405,2.464723139,1.518974049
0.5442,2.429761793,1.517912553
0.5480,2.485042427,1.527378296
0.5517,2.485042427,1.527378296
0.5555,2.507664577,1.540035013
0.5592,2.536394787,1.548430819
0.5630,2.584673916,1.613736015
0.5667,2.610349552,1.613736015
0.5705,2.685278682,1.64640109
0.5742,2.685278682,1.636956186
0.5780,2.685278682,1.640208624
0.5817,2.716082573,1.650744539
0.5855,2.75915067,1.670724875
0.5892,2.789951147,1.686325474
0.5930,2.768423535,1.766613074
0.5967,2.768423535,1.765505546
0.6005,2.831023413,1.795978942
0.6043,2.895555429,1.804276648
0.6080,2.879449987,1.817030577
0.6118,2.858898683,1.810966512
0.6155,2.881398121,1.814316981
0.6193,2.894584755,1.814316981
0.6230,2.97003145,1.851973448
0.6268,2.985094258,1.851973448
0.6305,2.987231743,1.874159927
0.6343,2.985326072,1.912876434
0.6380,3.013243693,1.960681397
0.6418,3.014192261,1.957251791
0.6455,3.110272228,1.946725835
0.6493,3.110272228,1.958394573
0.6530,3.161648351,1.998201411
0.6568,3.164416992,1.994573935
0.6606,3.214860566,2.02964454
0.6643,3.226957624,2.02964454
0.6681,3.255052937,2.081164982
0.6718,3.317617304,2.081164982
0.6756,3.308237136,2.09169923
0.6793,3.320301738,2.081164982
0.6831,3.344888849,2.15135774
0.6868,3.391330501,2.15135774
0.6906,3.397495705,2.171226034
0.6943,3.4153931,2.171226034
0.6981,3.410125848,2.20041822
0.7018,3.4280599,2.203980871
0.7056,3.482960466,2.228605105
0.7093,3.489783227,2.228605105
0.7131,3.58747516,2.235549517
0.7168,3.589168066,2.235549517
0.7206,3.598600009,2.290562957
0.7244,3.66444023,2.308332085
0.7281,3.701399009,2.329782237
0.7319,3.714152619,2.328567615
0.7356,3.744164294,2.358564727
0.7394,3.767165523,2.358564727
0.7431,3.880951558,2.405073168
0.7469,3.92766028,2.387703409
0.7506,3.928446074,2.408749792
0.7544,3.982207369,2.408749792
0.7581,3.963980945,2.462593828
0.7619,3.986082074,2.44590541
0.7656,3.971148079,2.458887273
0.7694,3.99381068,2.447137666
0.7731,4.050369513,2.508413252
0.7769,4.11739732,2.507168289
0.7807,4.12617983,2.513954574
0.7844,4.150479647,2.505923783
0.7882,4.188637355,2.523225607
0.7919,4.226121358,2.532492833
0.7957,4.291504705,2.504679734
0.7994,4.331232572,2.532492833
0.8032,4.363527279,2.612389069
0.8069,4.413582699,2.612389069
0.8107,4.403288047,2.643946284
0.8144,4.48428013,2.633427677
0.8182,4.510334157,2.695253543
0.8219,4.579668805,2.70987507
0.8257,4.568032235,2.717563441
0.8294,4.597285459,2.717563441
0.8332,4.611880928,2.718846483
0.8369,4.683281169,2.718846483
0.8407,4.721892523,2.749106603
0.8445,4.764381866,2.753173917
0.8482,4.754718422,2.767549345
0.8520,4.754718422,2.757040175
0.8557,4.847418765,2.783234874
0.8595,4.881396547,2.802967316
0.8632,4.919531558,2.820088077
0.8670,4.921961387,2.837114102
0.8707,4.947425845,2.830594395
0.8745,4.969129702,2.830594395
0.8782,5.021978825,2.842405117
0.8820,5.042592446,2.854219633
0.8857,5.095859346,2.897566781
0.8895,5.105013096,2.900198885
0.8932,5.189708881,2.909393137
0.8970,5.253159512,2.909393137
0.9008,5.244510076,2.925186463
0.9045,5.293806278,2.943570123
0.9083,5.341049639,3.002803886
0.9120,5.4039837,3.00146758
0.9158,5.377779463,3.033018768
0.9195,5.398890802,3.023842302
0.9233,5.538057169,3.044878749
0.9270,5.548371783,3.028995708
0.9308,5.564592498,3.063218316
0.9345,5.612680808,3.063218316
0.9383,5.650574192,3.051360308
0.9420,5.673106208,3.051360308
0.9458,5.7466798,3.059179662
0.9495,5.758359393,3.030336236
0.9533,5.820182255,3.090699211
0.9570,5.830042808,3.090699211
0.9608,5.882010886,3.10526614
0.9646,5.912069131,3.10526614
0.9683,6.024254586,3.124928984
0.9721,6.046914355,3.118490735
0.9758,6.076639375,3.138157275
0.9796,6.118679525,3.138157275
0.9833,6.201545279,3.130364331
0.9871,6.243524546,3.130364331
0.9908,6.303573385,3.198938163
0.9946,6.313532945,3.205335036
0.9983,6.386798696,3.250150585
1.0021,6.438370031,3.250150585
1.0058,6.480610242,3.288042677
1.0096,6.543100404,3.278920956
1.0133,6.594021544,3.317419381
1.0171,6.646764366,3.317419381
1.0209,6.613431499,3.281695742
1.0246,6.655001554,3.292209776
1.0284,6.758453308,3.331467076
1.0321,6.748973212,3.326540807
1.0359,6.799718612,3.356684671
1.0396,6.83146007,3.356684671
1.0434,6.975112967,3.373494757
1.0471,6.955201638,3.358086608
1.0509,7.047566483,3.362279825
1.0546,7.056990572,3.387473426
1.0584,7.109254948,3.44560645
1.0621,7.181088955,3.44560645
1.0659,7.202327249,3.456106573
1.0696,7.254105538,3.44560645
1.0734,7.345929208,3.506667776
1.0771,7.317943315,3.508097262
1.0809,7.44982428,3.475138068
1.0847,7.398703532,3.475138068
1.0884,7.460446782,3.514315448
1.0922,7.523049909,3.516237696
1.0959,7.635020434,3.509527273
1.0997,7.65660634,3.509527273
1.1034,7.666809711,3.548700043
1.1072,7.69776569,3.548700043
1.1109,7.831912072,3.607390623
1.1147,7.852869923,3.607390623
1.1184,7.88350827,3.65519968
1.1222,7.893537431,3.65519968
1.1259,7.966241883,3.697209801
1.1297,8.027545272,3.697209801
1.1334,8.069259526,3.707710992
1.1372,8.110638687,3.706245605
1.1410,8.234387033,3.712110378
1.1447,8.27567752,3.707710992
1.1485,8.327248885,3.749710375
1.1522,8.358113764,3.748237443
1.1560,8.430356083,3.746765051
1.1597,8.481984597,3.746765051
1.1635,8.574978741,3.769230128
1.1672,8.616784037,3.769230128
1.1710,8.647291709,3.796145791
1.1747,8.657419677,3.793182134
1.1785,8.812366177,3.826162365
1.1822,8.801408362,3.824675152
1.1860,8.946183172,3.856163267
1.1897,8.987815524,3.836660833
1.1935,9.080554166,3.904144657
1.1972,9.098301195,3.880146425
1.2010,9.213856281,3.934136158
1.2048,9.23633245,3.925144678
1.2085,9.421621456,3.916149428
1.2123,9.390262607,3.919160054
1.2160,9.513853332,3.97622986
1.2198,9.482907423,3.995725402
1.2235,9.58652228,4.009122627
1.2273,9.595436573,4.009122627
1.2310,9.679383777,4.028586911
1.2348,9.774634252,4.030111555
1.2385,9.906636966,4.004561654
1.2423,9.929624797,4.055472972
1.2460,9.969744303,4.076441273
1.2498,10.10459946,4.076441273
1.2535,10.0710602,4.077973635
1.2573,10.18584354,4.077973635
1.2611,10.19513519,4.106352088
1.2648,10.34170342,4.118667303
1.2686,10.43189813,4.174238762
1.2723,10.44297815,4.174238762
1.2761,10.60876745,4.186288822
1.2798,10.62939181,4.208840965
1.2836,10.62813207,4.196785832
1.2873,10.62939181,4.21465871
1.2911,10.83423046,4.238768165
1.2948,10.86513969,4.238768165
1.2986,10.93963337,4.268679504
1.3023,10.93725536,4.264461896
1.3061,11.11438589,4.317970668
1.3098,11.08924826,4.317970668
1.3136,11.27056153,4.32687566
1.3173,11.16488104,4.32687566
1.3211,11.36112514,4.340519304
1.3249,11.36333259,4.331614171
1.3286,11.53735558,4.378325287
1.3324,11.70826454,4.378325287
1.3361,11.71549793,4.42757461
1.3399,11.64702364,4.42757461
1.3436,11.77482099,4.470262553
1.3474,11.85911023,4.462232101
1.3511,12.02388667,4.484811607
1.3549,11.95180441,4.484811607
1.3586,12.09390704,4.526753718
1.3624,12.15980765,4.538856388
1.3661,12.31715827,4.570310601
1.3699,12.34223523,4.568686363
1.3736,12.37676404,4.591277104
1.3774,12.42898155,4.60012961
1.3812,12.59368159,4.676762774
1.3849,12.61115826,4.667925008
1.3887,12.6752172,4.678406917
1.3924,12.72904318,4.657442498
1.3962,12.90727631,4.73577152
1.3999,12.97595668,4.726941056
1.4037,13.0445244,4.751763397
1.4074,13.06936337,4.751763397
1.4112,13.25441733,4.774378512
1.4149,13.35054067,4.786520285
1.4187,13.39369467,4.793668064
1.4224,13.45427555,4.807946706
1.4262,13.53368539,4.861538118
1.4299,13.60294733,4.861538118
1.4337,13.7830896,4.877448133
1.4374,13.80461898,4.924388348
1.4412,13.88476617,4.936552626
1.4450,13.94510811,4.939937278
1.4487,14.05101936,4.980144891
1.4525,14.02843362,5.007910326
1.4562,14.16704644,5.001091289
1.4600,14.39165874,5.007910326
1.4637,14.3565421,5.039555928
1.4675,14.48837112,5.048112315
1.4712,14.52939614,5.086570644
1.4750,14.70263752,5.077818385
1.4787,14.73888579,5.091879894
1.4825,14.91450872,5.107508257
1.4862,14.89994253,5.140638612
1.4900,15.09968022,5.142367901
1.4937,15.06333717,5.175510578
1.4975,15.27149697,5.196449244
1.5013,15.31248144,5.199929599
1.5050,15.3548236,5.241814178
1.5088,15.46861666,5.308047647
1.5125,15.70812069,5.306289272
1.5163,15.68726019,5.34824797
1.5200,15.83303489,5.35340784
1.5238,15.90116421,5.395239035
1.5275,15.95916377,5.351784226
1.5313,16.06610626,5.400566405
1.5350,16.27774397,5.386555494
1.5388,16.18163218,5.442409478
1.5425,16.43807719,5.459752637
1.5463,16.35051661,5.503359562
1.5500,16.40889526,5.506950157
1.5538,16.58090369,5.543726888
1.5575,16.74028362,5.561034485
1.5613,16.738768,5.583754996
1.5651,16.87452461,5.580135854
1.5688,16.93510315,5.62739365
1.5726,17.10998775,5.685149463
1.5763,17.15783031,5.723303244
1.5801,17.36214806,5.723303244
1.5838,17.35846372,5.718355644
1.5876,17.58923378,5.718355644
1.5913,17.56536603,5.782308425
1.5951,17.81789445,5.787847467
1.5988,17.73487884,5.886339432
1.6026,17.91809213,5.905384592
1.6063,17.9484049,5.955774118
1.6101,18.24941201,5.934872268
1.6138,18.17448546,5.959533719
1.6176,18.39379931,5.959533719
1.6214,18.35142192,6.026029413
1.6251,18.58824566,6.041248253
1.6289,18.52095722,6.081127464
1.6326,18.77240119,6.095376596
1.6364,18.76414853,6.188518538
1.6401,19.01269828,6.184674611
1.6439,19.01352661,6.210228968
1.6476,19.2490541,6.226448592
1.6514,19.16158163,6.32818512
1.6551,19.50538306,6.326237491
1.6589,19.39616132,6.380391643
1.6626,19.63449768,6.380391643
1.6664,19.56377261,6.480242637
1.6701,19.72521949,6.518026318
1.6739,19.78601472,6.557273763
1.6776,19.94565819,6.580140812
1.6814,19.95783002,6.696569993
1.6852,20.1170802,6.803489579
1.6889,20.14992169,7.080311346
1.6927,20.41338477,7.22643197
1.6964,20.35432995,7.408573462
1.7002,20.63286565,7.425143857
1.7039,20.60705769,7.414707791
1.7077,20.83627249,7.472987557
1.7114,20.78937234,7.562919215
1.7152,21.05629037,7.616076883
1.7189,20.95049573,7.741335416
1.7227,21.23842045,7.789048262
1.7264,21.12796235,7.824063039
1.7302,21.41895883,7.870192893
1.7339,21.39752708,7.972927751
1.7377,21.65113165,8.036331322
1.7415,21.5828327,8.145085031
1.7452,21.79603001,8.175088426
1.7490,21.76955755,8.219075938
1.7527,22.04747468,8.2734849
1.7565,22.05728455,8.353268986
1.7602,22.24007756,8.414810489
1.7640,22.16277362,8.57577352
1.7677,22.43730656,8.558725238
1.7715,22.36253749,8.631684277
1.7752,22.64214782,8.639122714
1.7790,22.65259528,8.734257556
1.7827,22.84737429,8.763868436
1.7865,22.80488985,9.000114039
1.7902,23.08704412,8.968908211
1.7940,23.00472339,9.002561217
1.7977,23.22439473,9.012358822
1.8015,23.2037757,9.175839154
1.8053,23.46112726,9.264456258
1.8090,23.39960357,9.417061971
1.8128,23.56585764,9.455293725
1.8165,23.69069152,9.544226149
1.8203,23.94885551,9.575365291
1.8240,23.8364199,9.62199062
1.8278,24.01207238,9.71020524
1.8315,24.08719401,9.808654578
1.8353,24.29688088,9.907583031
1.8390,24.29979724,10.00566125
1.8428,24.44974998,10.00598074
1.8465,24.49125756,10.12245514
1.8503,24.62004834,10.19822162
1.8540,24.71900298,10.32943379
1.8578,24.92147537,10.31989604
1.8616,24.95009456,10.49852877
1.8653,24.98961283,10.58090138
1.8691,25.20319615,10.55626545
1.8728,25.44373175,10.6223471
1.8766,25.41493034,10.82734623
1.8803,25.52042112,10.82655349
1.8841,25.69591024,11.03969817
1.8878,25.72661545,11.03501004
1.8916,25.8203088,11.13261687
1.8953,25.90575089,11.42819157
1.8991,26.08185195,11.36060401
1.9028,26.18987215,11.45713601
1.9066,26.25109539,11.51030766
1.9103,26.33628679,11.53674376
1.9141,26.46025884,11.76185332
1.9178,26.57781117,11.96186121
1.9216,26.7541111,11.97381776
1.9254,26.81611665,12.07539209
1.9291,26.96638243,12.16852768
1.9329,27.03518862,12.22719603
1.9366,27.21117324,12.38540121
1.9404,27.21452052,12.51260467
1.9441,27.30271305,12.64187659
1.9479,27.41042783,12.74034453
1.9516,27.5517069,12.92863108
1.9554,27.74949607,12.89703717
1.9591,27.81944182,13.06810524
1.9629,27.86249382,13.16214781
1.9666,28.04537662,13.42423541
1.9704,28.16040453,13.57401365
1.9741,28.29880999,13.60318483
1.9779,28.31821375,13.81054948
1.9817,28.52779711,13.89132497
1.9854,28.60901402,14.01708217
1.9892,28.77373687,14.12243042
1.9929,28.76392081,14.30545337
1.9967,28.93949852,14.4850765
2.0004,29.0242064,14.71156849
2.0042,29.19406043,14.70991071
2.0079,29.26029179,14.9626048
2.0117,29.36645565,15.01559114
2.0154,29.40960381,15.29543717
2.0192,29.58482801,15.28239309
2.0229,29.63089582,15.68384643
2.0267,29.82512537,15.62425731
2.0304,29.79218618,15.95833959
2.0342,29.99575131,15.99060676
2.0379,30.14188595,16.2240131
2.0417,30.22438834,16.29926605
2.0455,30.30145264,16.64507935
2.0492,30.42284067,16.68036411
2.0530,30.49390255,16.96098744
2.0567,30.73280125,17.10139807
2.0605,30.80542737,17.35279088
2.0642,30.88513328,17.35444474
2.0680,30.9607474,17.62906572
2.0717,31.17623083,17.67485137
2.0755,31.22436143,18.03174416
2.0792,31.39143409,17.96329332
2.0830,31.40771049,18.38930732
2.0867,31.46497308,18.33495736
2.0905,31.65705702,18.70361362
2.0942,31.82297088,18.66947865
2.0980,31.69488177,18.99574554
2.1018,31.9630623,18.99157058
2.1055,32.00820398,19.40856411
2.1093,32.22193639,19.32336527
2.1130,32.20620065,19.68873262
2.1168,32.32405661,19.6853574
2.1205,32.46461851,19.95666261
2.1243,32.48854335,19.92917274
2.1280,32.60724541,20.25913628
2.1318,32.77970724,20.21485772
2.1355,32.89200014,20.55138194
2.1393,33.05402412,20.58209624
2.1430,33.08734717,20.84872726
2.1468,33.28875203,20.85595824
2.1505,33.3006406,21.07505613
2.1543,33.51734196,21.24978106
2.1580,33.64987553,21.3783197
2.1618,33.78735042,21.45983948
2.1656,33.80867665,21.75812197
2.1693,33.94216686,21.77218703
2.1731,33.95418058,22.04049656
2.1768,34.04302347,21.85864085
2.1806,34.11789029,22.03503831
2.1843,34.30351436,21.99621159
2.1881,34.37264497,22.4471086
2.1918,34.43363483,22.35102555
2.1956,34.5728689,22.51855636
2.1993,34.76381752,22.55204343
2.2031,34.78237516,22.78162149
2.2068,35.01956992,22.92225216
2.2106,35.04737071,23.12241682
2.2143,35.14038179,23.17173368
2.2181,35.14942561,23.40575585
2.2219,35.34965059,23.4044039
2.2256,35.41081739,23.73325237
2.2294,35.6203404,23.77141954
2.2331,35.67102788,24.00106143
2.2369,35.87075645,24.11430964
2.2406,35.78884888,24.36908002
2.2444,36.00245261,24.36052156
2.2481,36.12371752,24.66800911
2.2519,36.2590951,24.7188214
2.2556,36.27260801,25.00265314
2.2594,36.51656328,24.94163145
2.2631,36.55753637,25.24805789
2.2669,36.73388207,25.32879607
2.2706,36.81364353,25.417919
2.2744,36.99832653,25.61193528
2.2781,37.0013787,25.75546104
2.2819,37.11210897,25.91508863
2.2857,37.24360369,26.09874514
2.2894,37.38226182,26.12649915
2.2932,37.44909308,26.49479729
2.2969,37.55749349,26.54951498
2.3007,37.68697642,26.76981507
2.3044,37.76823653,26.76439075
2.3082,37.93905173,27.08159932
2.3119,38.02047922,27.02708106
2.3157,38.04117623,27.31278663
2.3194,38.12012094,27.40881989
2.3232,38.2779343,27.61893732
2.3269,38.42807667,27.65263079
2.3307,38.45428196,27.84016081
2.3344,38.60903172,27.90033739
2.3382,38.66858129,28.16517956
2.3420,38.8089411,28.18310606
2.3457,38.88082799,28.32280568
2.3495,39.04125682,28.43152226
2.3532,39.09860479,28.62076076
2.3570,39.20994585,28.66993203
2.3607,39.33352823,28.90958506
2.3645,39.45165147,28.97334172
2.3682,39.56705752,29.21471313
2.3720,39.70952624,29.28863633
2.3757,39.73279001,29.4610297
2.3795,39.80171218,29.46993669
2.3832,39.91479075,29.73974178
2.3870,40.11242313,29.7494068
2.3907,40.21513204,29.91540692
2.3945,40.29613878,30.04368538
2.3982,40.36379337,30.23583557
2.4020,40.50448048,30.21973589
2.4058,40.58499928,30.52010591
2.4095,40.74666346,30.51957158
2.4133,40.83577775,30.78122503
2.4170,40.89089677,30.77602906
2.4208,41.02396297,30.97243198
2.4245,41.15457707,30.95696308
2.4283,41.14725357,31.19518758
2.4320,41.3306869,31.23114921
2.4358,41.45258431,31.45026465
2.4395,41.56571745,31.51174918
2.4433,41.51321422,31.69657202
2.4470,41.7804512,31.7610278
2.4508,41.8498958,31.99632024
2.4545,41.95733136,31.97149812
2.4583,42.02405704,32.04698048
2.4621,42.14603309,32.13231029
2.4658,42.24773325,32.34505567
2.4696,42.3607445,32.3553467
2.4733,42.42782776,32.51214061
2.4771,42.58435111,32.51398037
2.4808,42.79942588,32.76667179
2.4846,42.77841955,32.71555732
2.4883,43.04904811,32.96113542
2.4921,42.97292241,32.91727841
2.4958,43.13386787,33.12190884
2.4996,43.30117382,33.09682495
2.5033,43.30117382,33.40748704
2.5071,43.35782798,33.33455144
2.5108,43.51237713,33.59201797
2.5146,43.69154008,33.53454832
2.5183,43.69379015,33.71492216
2.5221,43.84735589,33.77529987
2.5259,44.00245333,33.96609729
2.5296,44.06887497,33.87655834
2.5334,44.19253927,34.09148354
2.5371,44.23204811,34.03230445
2.5409,44.47110873,34.18616896
2.5446,44.43462736,34.22587855
2.5484,44.60044616,34.36505161
2.5521,44.68641685,34.349933
2.5559,44.80330038,34.44025005
2.5596,44.97350388,34.40846465
2.5634,45.11992865,34.56055571
2.5671,45.08026364,34.54073419
2.5709,45.26707642,34.54223271
2.5746,45.29833592,34.60244504
2.5784,45.38892782,34.59064625
2.5822,45.48301883,34.48196226
2.5859,45.75803972,34.55237126
2.5897,45.76247716,34.4870762
2.5934,45.76442316,34.53402009
2.5972,45.97051947,34.62583752
2.6009,46.0422965,34.66267103
2.6047,46.22275725,34.60916105
2.6084,46.28285826,34.80543492
2.6122,46.38037625,34.78675391
2.6159,46.48482068,35.02588916
2.6197,46.58602498,34.97230311
2.6234,46.78684235,34.97011779
2.6272,46.77417601,35.17807513
2.6309,47.11213258,35.18340505
2.6347,47.06255817,35.26565391
2.6384,47.20934618,35.40574484
2.6422,47.26244224,35.45784787
2.6460,47.40954428,35.51144277
2.6497,47.48681682,35.69231719
2.6535,47.6626923,35.79361117
2.6572,47.6876804,35.86251756
2.6610,47.89440531,36.03292081
2.6647,47.89330336,36.13311224
2.6685,48.01032639,36.16125166
2.6722,48.10724313,36.34592435
2.6760,48.29694564,36.43647353
2.6797,48.36803722,36.54468053
2.6835,48.54377551,36.63974349
2.6872,48.49193831,36.77358899
2.6910,48.64681884,36.85330939
2.6947,48.64320191,37.07771303
2.6985,48.83133982,37.11399406
2.7023,48.90898492,37.26590417
2.7060,49.12802172,37.27916389
2.7098,49.15832331,37.50063525
2.7135,49.28159921,37.55743018
2.7173,49.36363024,37.6951509
2.7210,49.51585715,37.77711404
2.7248,49.48320822,37.93137177
2.7285,49.70740232,38.0876045
2.7323,49.74916542,38.18112335
2.7360,49.94734386,38.24616365
2.7398,49.90890812,38.44296597
2.7435,50.11522572,38.5585703
2.7473,50.22888281,38.69638266
2.7510,50.40968866,38.7725111
2.7548,50.3476614,38.95393863
2.7585,50.52175518,39.03596602
2.7623,50.51482113,39.18646368
2.7661,50.73030104,39.22452296
2.7698,50.76471024,39.4453028
2.7736,50.79832339,39.49069241
2.7773,50.93729583,39.72564019
2.7811,51.0104451,39.77102076
2.7848,51.15372645,40.00460553
2.7886,51.22267267,40.05734102
2.7923,51.26337549,40.16420716
2.7961,51.32341304,40.247513
2.7998,51.4731524,40.45929231
2.8036,51.56646132,40.49738009
2.8073,51.73203952,40.81501586
2.8111,51.78317337,40.81502985
2.8148,51.85992118,41.01144755
2.8186,51.83665592,41.10204919
2.8224,52.1356561,41.29863033
2.8261,52.2752606,41.32915799
2.8299,52.2841599,41.48170451
2.8336,52.40823296,41.56406929
2.8374,52.44053123,41.69353634
2.8411,52.58897556,41.73203589
2.8449,52.61857846,41.85981736
2.8486,52.7893978,41.98929556
2.8524,52.8567702,42.22890411
2.8561,53.05806021,42.25874014
2.8599,53.06577454,42.46339591
2.8636,53.22184619,42.51745233
2.8674,53.28140517,42.70673155
2.8711,53.44538587,42.69262874
2.8749,53.44519215,42.85904642
2.8786,53.65355159,42.96202509
2.8824,53.56472712,43.14389428
2.8862,53.77350017,43.26014083
2.8899,53.81044536,43.50202791
2.8937,53.92310575,43.54369941
2.8974,54.01794104,43.65803825
2.9012,54.09315612,43.76449866
2.9049,54.19007234,44.00515757
2.9087,54.43101214,44.02540576
2.9124,54.38424737,44.2893025
2.9162,54.45995543,44.28221678
2.9199,54.51199738,44.43418556
2.9237,54.60875176,44.5499826
2.9274,54.78725917,44.74699478
2.9312,54.85411757,44.75716392
2.9349,55.0396709,45.05646729
2.9387,55.18284528,45.04704629
2.9425,55.24093599,45.16422997
2.9462,55.25837636,45.30460066
2.9500,55.38265024,45.48425166
2.9537,55.51179115,45.59479729
2.9575,55.58690497,45.71112592
2.9612,55.68285974,45.79739186
2.9650,55.71979042,46.05923911
2.9687,55.86806514,46.07290818
2.9725,56.00064375,46.16613812
2.9762,56.1069707,46.29346809
2.9800,56.12406325,46.5312975
2.9837,56.2949748,46.52384516
2.9875,56.35215313,46.77975868
2.9912,56.43683463,46.80985051
2.9950,56.5261643,46.99690082
2.9987,56.65662011,47.0003131
3.0025,56.79133107,47.23077731
3.0063,56.83869154,47.3058704
3.0100,56.8912267,47.47851341
3.0138,57.05876269,47.52006482
3.0175,57.15200985,47.72269844
3.0213,57.22045274,47.69445963
3.0250,57.35852221,47.97535233
3.0288,57.35957956,48.02425453
3.0325,57.46526062,48.250201
3.0363,57.44134934,48.30567865
3.0400,57.68242614,48.50230961
3.0438,57.71789112,48.54732797
3.0475,57.89041565,48.67378537
3.0513,57.92011866,48.71843613
3.0550,58.02405949,49.00564715
3.0588,58.13601837,49.05278561
3.0626,58.24119109,49.16600765
3.0663,58.26377359,49.34000894
3.0701,58.3839952,49.47884975
3.0738,58.45154401,49.57494294
3.0776,58.59201506,49.69840876
3.0813,58.65304972,49.75594139
3.0851,58.75498149,49.97266343
3.0888,58.92676869,49.95912446
3.0926,58.960185,50.15836749
3.0963,59.02615761,50.19696833
3.1001,59.17586669,50.46102893
3.1038,59.20652929,50.49495989
3.1076,59.29710166,50.62006693
3.1113,59.30686323,50.73491878
3.1151,59.4536442,50.94098996
3.1188,59.4766915,50.99104959
3.1226,59.67600327,51.0879033
3.1264,59.70405242,51.17188081
3.1301,59.83069217,51.39380808
3.1339,59.88165537,51.39986102
3.1376,60.06397329,51.64098543
3.1414,60.05619832,51.62610122
3.1451,60.13610337,51.83725374
3.1489,60.21852634,51.89659425
3.1526,60.36020864,52.10467006
3.1564,60.42964548,52.08385779
3.1601,60.44074707,52.23555659
3.1639,60.62671804,52.34582932
3.1676,60.74313195,52.47650584
3.1714,60.71741086,52.55661256
3.1751,60.8924176,52.666708
3.1789,60.93327968,52.79531428
3.1827,61.07187744,52.92565073
3.1864,61.17966149,52.99260783
3.1902,61.19626955,53.16160258
3.1939,61.37154256,53.23728231
3.1977,61.33983189,53.36167805
3.2014,61.55299427,53.41611071
3.2052,61.54240183,53.53802513
3.2089,61.62662082,53.68500998
3.2127,61.73418679,53.8487789
3.2164,61.82742953,53.91036339
3.2202,61.88603561,54.01866055
3.2239,61.89495175,54.07567361
3.2277,62.01694579,54.2338941
3.2314,62.12926117,54.30295516
3.2352,62.24644866,54.47404202
3.2389,62.29994674,54.54586585
3.2427,62.4348879,54.70252795
3.2465,62.56499309,54.73753356
3.2502,62.63612763,54.98044422
3.2540,62.70845321,55.07443349
3.2577,62.80644639,55.07991113
3.2615,62.85189667,55.18869738
3.2652,63.001592,55.42060021
3.2690,63.01378679,55.485499
3.2727,63.09594308,55.5993398
3.2765,63.1547522,55.60837742
3.2802,63.25156156,55.73602628
3.2840,63.31291689,55.79186016
3.2877,63.42621542,56.02648159
3.2915,63.44771262,56.08114187
3.2952,63.5463998,56.21858079
3.2990,63.58246611,56.262548
3.3028,63.73608993,56.49559103
3.3065,63.72198599,56.56124285
3.3103,63.84213379,56.64375553
3.3140,63.87696257,56.84553939
3.3178,64.04391914,56.80563934
3.3215,64.1025927,56.92770412
3.3253,64.10326099,57.02802373
3.3290,64.22320866,57.2485781
3.3328,64.33098021,57.30769353
3.3365,64.38958709,57.35650558
3.3403,64.45126369,57.50566758
3.3440,64.57114657,57.6199992
3.3478,64.6442724,57.74841792
3.3515,64.72595847,57.80602834
3.3553,64.78171163,57.91840753
3.3590,64.88134805,58.02706497
3.3628,64.96649978,58.06614092
3.3666,64.94282709,58.32010696
3.3703,65.04236239,58.23654733
3.3741,65.12152125,58.5563292
3.3778,65.14190523,58.45661428
3.3816,65.27551969,58.696561
3.3853,65.35610634,58.60990458
3.3891,65.44629844,58.89325398
3.3928,65.52239,58.80709795
3.3966,65.51862453,59.07146873
3.4003,65.6429034,59.03822315
3.4041,65.72717783,59.26930281
3.4078,65.79916741,59.24998822
3.4116,65.90538171,59.25477222
3.4153,65.87932244,59.33179215
3.4191,65.91496496,59.42339736
3.4229,66.09063632,59.50994715
3.4266,66.21051075,59.79957392
3.4304,66.24506079,59.69779777
3.4341,66.39914737,59.92416489
3.4379,66.34680457,59.88628015
3.4416,66.52616784,60.08802541
3.4454,66.56844682,60.00208651
3.4491,66.49451185,60.3033405
3.4529,66.594073,60.28527195
3.4566,66.74538245,60.47591681
3.4604,66.71367684,60.44612766
3.4641,66.86222937,60.83494285
3.4679,66.94329445,60.62004522
3.4716,67.04287565,60.80312827
3.4754,67.11892479,60.8070005
3.4791,67.16276827,61.05530864
3.4829,67.26922817,61.00197262
3.4867,67.3956613,61.08094533
3.4904,67.42667356,61.11642334
3.4942,67.42844445,61.31897677
3.4979,67.48996884,61.28419636
3.5017,67.63557332,61.45527685
3.5054,67.68399738,61.42141835
3.5092,67.62948011,61.46890446
3.5129,67.74723243,61.66161973
3.5167,67.899626,61.73399529
3.5204,67.9265936,61.71084737
3.5242,68.00342697,61.95377869
3.5279,68.04896969,61.87624613
3.5317,68.06949665,61.92904898
3.5354,68.27386564,62.10423262
3.5392,68.28828455,62.13266357
3.5430,68.27772436,62.18140912
3.5467,68.31711652,62.41344736
3.5505,68.42556683,62.37093679
3.5542,68.54357062,62.4813652
3.5580,68.6287659,62.49552458
3.5617,68.63132218,62.6739782
3.5655,68.67722876,62.63717589
3.5692,68.7077509,62.78414455
3.5730,68.86883853,62.86972109
3.5767,68.96323017,63.01298654
3.5805,68.97077141,62.92943519
3.5842,68.99145668,63.00014365
3.5880,69.01908646,63.19451415
3.5917,69.06220943,63.25239866
3.5955,69.14325866,63.24755122
3.5992,69.16684,63.3906926
3.6030,69.28173267,63.46761328
3.6068,69.32896459,63.35558595
3.6105,69.37619977,63.5734634
3.6143,69.43364437,63.60384071
3.6180,69.49614554,63.66414919
3.6218,69.60752788,63.71629307
3.6255,69.73643946,63.77225842
3.6293,69.74980772,63.85834668
3.6330,69.75321924,63.94861508
3.6368,69.91279133,63.97867899
3.6405,69.88896311,64.0988288
3.6443,70.05902121,64.15671243
3.6480,70.09574655,64.16903019
3.6518,70.07916588,64.28311121
3.6555,70.14364541,64.34907183
3.6593,70.10237395,64.37876874
3.6631,70.25989668,64.52773951
3.6668,70.27600577,64.50985907
3.6706,70.34017666,64.57188653
3.6743,70.51508615,64.60045656
3.6781,70.5727169,64.76484992
3.6818,70.63252944,64.75009457
3.6856,70.63562092,64.78031821
3.6893,70.63471723,64.83546173
3.6931,70.76262389,64.95565421
3.6968,70.95804284,64.99013436
3.7006,70.94188728,65.10495211
3.7043,70.88976215,65.20851679
3.7081,71.02701662,65.25023601
3.7118,71.01703467,65.34980922
3.7156,71.14492464,65.40587015
3.7193,71.22149987,65.44077732
3.7231,71.2156335,65.47904175
3.7269,71.33916893,65.54464656
3.7306,71.40511225,65.66631514
3.7344,71.48594799,65.65517203
3.7381,71.53731013,65.77893478
3.7419,71.59417277,65.77709022
3.7456,71.71707215,65.80293726
3.7494,71.73596645,65.92458686
3.7531,71.82583018,66.01885386
3.7569,71.83058409,65.98310637
3.7606,71.96282652,66.20633507
3.7644,72.01441663,66.1568394
3.7681,72.01488391,66.32200647
3.7719,72.0669666,66.28124107
3.7756,72.07630945,66.38431834
3.7794,72.07659436,66.46944552
3.7832,72.26161354,66.58836262
3.7869,72.37218321,66.60031346
3.7907,72.35990746,66.68818338
3.7944,72.38788662,66.82163496
3.7982,72.38353943,66.91362144
3.8019,72.42186286,66.90988097
3.8057,72.62553042,66.98523628
3.8094,72.67885744,67.09139305
3.8132,72.71892269,67.19715479
3.8169,72.71892269,67.38857594
3.8207,72.78524239,67.3339354
3.8244,72.7525013,67.41253199
3.8282,72.90385595,67.54923426
3.8319,73.00081387,67.60731534
3.8357,72.95564942,67.66183211
3.8394,72.98030961,67.75043579
3.8432,73.07940919,67.8743788
3.8470,73.19580648,67.8826829
3.8507,73.27044579,67.99349112
3.8545,73.22310747,67.96922647
3.8582,73.34144931,68.04209793
3.8620,73.41551086,68.12314815
3.8657,73.4265069,68.1746418
3.8695,73.45906357,68.35964513
3.8732,73.54999749,68.41446686
3.8770,73.63032558,68.50778902
3.8807,73.66230945,68.6458106
3.8845,73.76316255,68.6664611
3.8882,73.75772914,68.74193743
3.8920,73.79030244,68.79361521
3.8957,73.82868846,68.94785151
3.8995,73.89348266,68.97069506
3.9033,74.01977123,69.10835454
3.9070,74.02507309,69.11348298
3.9108,74.02847791,69.14669754
3.9145,74.07241406,69.23044006
3.9183,74.21009434,69.38347133
3.9220,74.24360182,69.39991842
3.9258,74.33703183,69.53939797
3.9295,74.36172369,69.62070734
3.9333,74.424027,69.74535062
3.9370,74.42513872,69.76620899
3.9408,74.54447496,69.84929426
3.9445,74.69779853,69.87599157
3.9483,74.71911572,70.07356877
3.9520,74.76566741,70.12062647
3.9558,74.82223268,70.19802792
3.9595,74.80702071,70.23908554
3.9633,75.0197245,70.35425559
3.9671,75.05183333,70.48225804
3.9708,75.11022018,70.55713965
3.9746,75.24478713,70.61688425
3.9783,75.31466963,70.73248044
3.9821,75.34209383,70.84870311
3.9858,75.30491901,70.93371657
3.9896,75.37131319,71.00090476
3.9933,75.43542942,71.09660252
3.9971,75.48831665,71.17527194
4.0008,75.61938278,71.19117155
4.0046,75.65849575,71.26781821
4.0083,75.71148972,71.47408818
4.0121,75.8161874,71.44266382
4.0158,75.85907918,71.54744579
4.0196,75.84353438,71.55567245
4.0234,75.92249746,71.72317656
4.0271,75.99435263,71.7310375
4.0309,76.02322884,71.91206093
4.0346,76.19112424,71.89624244
4.0384,76.14120015,72.02764188
4.0421,76.23740897,72.16658645
4.0459,76.24113094,72.29238903
4.0496,76.28417498,72.28943065
4.0534,76.40629901,72.3785561
4.0571,76.43587443,72.43806298
4.0609,76.46534443,72.59710944
4.0646,76.52639044,72.60449856
4.0684,76.58349318,72.74878119
4.0721,76.62871705,72.79010692
4.0759,76.75065091,72.9572954
4.0796,76.70529217,73.03972694
4.0834,76.88448602,73.12067757
4.0872,76.90167766,73.11013051
4.0909,76.97717833,73.25901663
4.0947,77.06660612,73.39362717
4.0984,77.12260293,73.39260948
4.1022,77.10324387,73.46745111
4.1059,77.16213813,73.66577463
4.1097,77.14554377,73.6846491
4.1134,77.26867994,73.79649193
4.1172,77.31342502,73.8499995
4.1209,77.46634059,73.92577331
4.1247,77.42676166,73.98757583
4.1284,77.56403574,74.05550917
4.1322,77.58436341,74.08946873
4.1359,77.65720342,74.2635041
4.1397,77.74396298,74.31671808
4.1435,77.75388743,74.46057827
4.1472,77.78857442,74.43939339
4.1510,77.91872521,74.56648842
4.1547,78.05316932,74.60469377
4.1585,77.99450457,74.76174395
4.1622,78.05465567,74.7699916
4.1660,78.09236164,74.89937524
4.1697,78.1702636,74.93371726
4.1735,78.15733615,75.03485825
4.1772,78.2678774,75.17481897
4.1810,78.38927958,75.19743283
4.1847,78.52133832,75.25017796
4.1885,78.48624311,75.33266627
4.1922,78.4698873,75.32680176
4.1960,78.56403922,75.41760526
4.1997,78.62537212,75.49296481
4.2035,78.72228186,75.54213604
4.2073,78.83628249,75.52576277
4.2110,78.8444872,75.67458924
4.2148,78.92325343,75.7434151
4.2185,78.94812926,75.86428169
4.2223,79.03627951,75.98403329
4.2260,79.11597893,75.98698007
4.2298,79.15958093,76.00312848
4.2335,79.23786177,76.07741607
4.2373,79.21941286,76.0971609
4.2410,79.33183772,76.19846794
4.2448,79.44338022,76.30149664
4.2485,79.48275252,76.29438859
4.2523,79.51365746,76.39575141
4.2560,79.56982673,76.47028405
4.2598,79.55961571,76.46698478
4.2636,79.613372,76.60347945
4.2673,79.66764463,76.642729
4.2711,79.67012605,76.71141396
4.2748,79.71070023,76.7225585
4.2786,79.76745167,76.84334646
4.2823,79.78087456,76.87770819
4.2861,79.8378766,76.95013332
4.2898,79.86470203,76.88772099
4.2936,79.9049834,77.04956987
4.2973,79.95858822,77.06842212
4.3011,80.11978118,77.09067874
4.3048,80.14986908,77.17196884
4.3086,80.17003436,77.30499202
4.3123,80.19660138,77.32360466
4.3161,80.25708448,77.47157533
4.3198,80.26693164,77.47603661
4.3236,80.35086976,77.62735272
4.3274,80.36689383,77.65030592
4.3311,80.42834679,77.73891947
4.3349,80.49146031,77.76952193
4.3386,80.52497411,77.92386413
4.3424,80.56012242,77.92238998
4.3461,80.64295443,77.93162592
4.3499,80.56659265,78.03386322
4.3536,80.71003584,78.15168363
4.3574,80.74037611,78.11522967
4.3611,80.84158373,78.1959669
4.3649,80.9080956,78.32085438
4.3686,80.87196798,78.34880575
4.3724,80.87693153,78.32317416
4.3761,80.97201953,78.41035385
4.3799,81.07053195,78.52835535
4.3837,81.0883504,78.66517486
4.3874,81.10547145,78.67184463
4.3912,81.1693948,78.7027634
4.3949,81.20682634,78.73364506
4.3987,81.27928552,78.8986477
4.4024,81.32997494,78.89140342
4.4062,81.3705462,78.97639056
4.4099,81.41421514,78.96999569
4.4137,81.47110825,79.14049926
4.4174,81.47205079,79.09830991
4.4212,81.59399996,79.23457403
4.4249,81.60721853,79.32649574
4.4287,81.66309709,79.37532485
4.4324,81.76288903,79.38726002
4.4362,81.7576423,79.45528881
4.4399,81.81568536,79.50064762
4.4437,81.86008316,79.6511461
4.4475,81.91155193,79.65574755
4.4512,82.00600213,79.72022508
4.4550,82.02337337,79.7207356
4.4587,82.08146914,79.85145245
4.4625,82.05517962,79.82324795
4.4662,82.18332964,79.96223596
4.4700,82.23584449,79.96971234
4.4737,82.28680167,80.14498958
4.4775,82.36109815,80.16438956
4.4812,82.36838725,80.22236111
4.4850,82.39609186,80.22998937
4.4887,82.48935068,80.29969429
4.4925,82.50399457,80.37760657
4.4962,82.56946736,80.481524
