beta2(deg),beta3_1(deg),beta3_2(deg),p_avervage (kpa)
0,0,1.58E-30,-0.370
0,0,0.002500639,-0.175
0,0,0.004606578,-0.392
0,0,0.006025397,-0.111
0,0,0.00665616,-0.241
0,0,0.006134732,-0.002
0,0,0.005571519,-0.262
0,0,0.005627462,-0.025
0,0,0.006804847,-0.305
-0.000113316,0,0.010092293,-0.197
-0.000168446,0,0.014003681,-0.305
-0.000128686,0,0.017638554,-0.307
1.70E-14,0,0.020123147,-0.218
0.00052752,-0.000122119,0.020000524,-0.110
0.000812223,-0.000181532,0.018442891,-0.067
0.000646414,-0.000138684,0.016100237,0.021
-5.65E-15,1.83E-14,0.013762281,-0.067
-0.00165217,0.00039464,0.012803669,-0.262
-0.002733348,0.000616873,0.012625608,-0.110
-0.002386884,0.000499187,0.013055419,-0.113
1.70E-14,1.99E-14,0.013762281,0.041
0.005580379,-0.001351134,0.013990718,-0.046
0.012423296,-0.002264357,0.01405164,-0.328
0.019268214,-0.00201205,0.013951337,-0.045
0.024853625,6.65E-14,0.013762281,-0.088
0.027235477,0.00500736,0.013558404,-0.132
0.027579941,0.011560703,0.013466979,-0.326
0.026500762,0.018997382,0.013542601,-0.044
0.024853625,0.026784514,0.013762281,-0.370
0.024202178,0.033475206,0.014584694,-0.112
0.02403437,0.04131583,0.015004318,0.108
0.024321072,0.051471286,0.014693231,-0.088
0.024853625,0.064918252,0.013612752,-0.199
0.024977278,0.082930925,0.010884895,-0.197
0.025015039,0.103864092,0.009119611,-0.371
0.024961908,0.126261026,0.00970671,-0.219
0.024853625,0.148263618,0.013612752,-0.088
0.024848592,0.167505539,0.022699362,-0.112
0.024846593,0.183118222,0.033674018,-0.198
0.024848592,0.194321622,0.044377885,-0.284
0.024853625,0.201033367,0.052674603,-0.176
0.024848592,0.203912669,0.055248979,-0.284
0.024846593,0.204275523,0.05420107,-0.132
0.024848592,0.203941582,0.050660081,-0.284
0.024853625,0.204968313,0.046164381,-0.154
0.024848592,0.208652738,0.043536349,-0.023
0.024846593,0.217646465,0.041833701,-0.089
0.024848592,0.233130638,0.041039987,-0.284
0.024853625,0.255181059,0.040874985,-0.242
0.024848592,0.283960871,0.039922813,-0.131
0.024846593,0.315221071,0.039584375,-0.109
0.024848592,0.345550819,0.040220378,-0.391
0.024853625,0.371819513,0.04209807,-0.328
0.024848592,0.389911126,0.046397441,-0.131
0.024846593,0.402096474,0.051251067,-0.174
0.024848592,0.409877888,0.055918395,-0.067
0.024853625,0.415430128,0.059958663,-0.176
0.024848592,0.422151203,0.061500498,-0.112
0.024846593,0.429955759,0.064144173,-0.328
0.024848592,0.439282575,0.069629739,-0.198
0.024853625,0.449924684,0.079186013,-0.414
0.0247961,0.460849729,0.09556467,-0.198
0.024768563,0.471671702,0.113973255,-0.349
0.02478898,0.481638106,0.131541307,-0.045
0.024853625,0.490196664,0.145623484,-0.197
0.024711163,0.49598495,0.151944531,-0.176
0.024655298,0.50102737,0.154408149,-0.241
0.024714451,0.506338669,0.155416104,-0.263
0.024853625,0.512739231,0.157828609,-0.111
0.025885965,0.522050973,0.165434874,-0.348
0.026354703,0.531715745,0.177882339,-0.435
0.025949646,0.540389476,0.194928737,-0.458
0.024853625,0.54691674,0.215245938,-0.198
0.021689365,0.54880861,0.23729523,-0.241
0.021121756,0.549427908,0.257751271,-0.304
0.02551991,0.55072594,0.27416652,-0.545
0.036366723,0.554687595,0.28503437,-0.198
0.056719854,0.563618755,0.287262034,-0.392
0.080230403,0.576854125,0.286699742,-0.286
0.102698574,0.593627612,0.286897825,-0.434
0.1201063,0.612405037,0.29099273,-0.306
0.125761716,0.631271775,0.305127486,-0.218
0.124818016,0.648132053,0.322530774,-0.414
0.119982541,0.661346417,0.339737497,-0.349
0.114548947,0.670066127,0.353420914,-0.242
0.11648478,0.672063035,0.356187305,-0.241
0.120008526,0.672194702,0.356204566,-0.479
0.123952624,0.67324395,0.357417797,-0.262
0.12762809,0.677468298,0.363607043,-0.111
0.123833964,0.689336414,0.381883763,-0.393
0.126311252,0.703114791,0.405016116,-0.412
0.140716841,0.715726135,0.428977942,-0.478
0.170235548,0.724390627,0.44932769,-0.155
0.224521632,0.722557237,0.45872735,-0.152
0.281988494,0.71841676,0.461168933,-0.305
0.329763935,0.716101938,0.4585277,-0.197
0.356684909,0.719488919,0.45371512,-0.458
0.344405333,0.735748322,0.451225745,-0.261
0.312093037,0.757766858,0.451566839,-0.044
0.271591597,0.78171353,0.455742137,-0.307
0.236180952,0.803465745,0.463744125,-0.305
0.226899504,0.814660617,0.474888788,-0.285
0.234665256,0.821967973,0.487237466,-0.567
0.25582374,0.828105396,0.49889535,-0.307
0.283780639,0.836027346,0.508293615,-0.305
0.305668847,0.851793248,0.512920089,-0.133
0.323960539,0.870003938,0.515593416,-0.543
0.337423976,0.888124698,0.518095086,-0.329
0.346680511,0.903395083,0.522344515,-0.218
0.353863617,0.909974973,0.531090456,-0.413
0.361519971,0.91292417,0.54307769,-0.261
0.372246153,0.914483477,0.557493912,-0.372
0.387729591,0.917148522,0.572938698,-0.350
0.411122653,0.924716348,0.58648545,-0.371
0.436423462,0.935393935,0.598587477,-0.437
0.459750269,0.948213087,0.6086051,-0.371
0.47753796,0.961550162,0.616109308,-0.154
0.483233448,0.972446438,0.621739907,-0.523
0.483531474,0.981210538,0.624208053,-0.284
0.482152366,0.987489354,0.623505725,-0.174
0.483143108,0.991521157,0.620221775,-0.457
0.493214688,0.993219837,0.613433063,-0.109
0.5085264,0.995167062,0.608269176,-0.306
0.527307864,0.999093762,0.607564392,-0.284
0.546991546,1.006324413,0.613275343,-0.544
0.562345989,1.017788916,0.628318939,-0.348
0.575601577,1.032616496,0.647849128,-0.175
0.586974697,1.049504481,0.668410274,-0.457
0.597091876,1.066658873,0.686458998,-0.176
0.607642282,1.08193483,0.696492738,-0.457
0.617554014,1.094273017,0.701716644,-0.588
0.62651057,1.103012478,0.703835524,-0.655
0.634018325,1.108392152,0.70531631,-0.350
0.639013926,1.109466294,0.709361051,-0.589
0.641901108,1.111399888,0.716816835,-0.198
0.642709301,1.117211501,0.728274955,-0.176
0.641649913,1.129017075,0.743223396,-0.566
0.638867712,1.149095399,0.761021639,-0.348
0.635314736,1.173442786,0.778215064,-0.284
0.631765818,1.198421577,0.792228383,-0.436
0.628961237,1.219857559,0.80125828,-0.305
0.62693748,1.232738912,0.801783724,-0.349
0.626959888,1.236703406,0.799674013,-0.393
0.629364537,1.231798352,0.798589242,-0.370
0.634018325,1.219857559,0.802030218,-0.262
0.640932767,1.201799535,0.81456663,-0.241
0.648215785,1.185593835,0.833343532,-0.524
0.654572637,1.1764601,0.856119306,-0.175
0.659073511,1.177965087,0.87962677,-0.523
0.659786123,1.194823566,0.899304535,-0.589
0.659869996,1.219301961,0.913974491,-0.436
0.66126034,1.245553837,0.922450139,-0.457
0.665834092,1.267455337,0.924913607,-0.328
0.675768891,1.275043997,0.920656947,-0.696
0.690166936,1.274097421,0.915780983,-0.500
0.708125671,1.267329296,0.91426992,-0.632
0.728103609,1.258612724,0.9191657,-0.480
0.747514128,1.254390368,0.93542224,-0.415
0.765863292,1.253478191,0.956480493,-0.522
0.782222707,1.256078646,0.97820372,-0.264
0.796155957,1.261332679,0.996462342,-0.348
0.807102471,1.266055327,1.002669424,-0.479
0.816729527,1.271249599,1.004839593,-0.370
0.826281507,1.276296774,1.006533804,-0.522
0.836926081,1.280823751,1.011309582,-0.350
0.849593745,1.284316436,1.026426425,-0.587
0.864314441,1.287963779,1.044553219,-0.609
0.88065748,1.292741707,1.062017654,-0.545
0.8976884,1.299721595,1.075047235,-0.435
0.913589234,1.308755333,1.076144155,-0.370
0.92799664,1.322162539,1.072255445,-0.480
0.940088666,1.340486997,1.066924224,-0.459
0.949316402,1.363318036,1.064187701,-0.457
0.954944084,1.390411456,1.069765047,-0.610
0.958141581,1.417713982,1.082070451,-0.458
0.959845357,1.442155526,1.100263472,-0.393
0.961157012,1.461231577,1.122231932,-0.502
0.963337367,1.469875264,1.143548735,-0.501
0.967073062,1.474206306,1.163782201,-0.611
0.973007784,1.477407726,1.181151019,-0.371
0.981561509,1.482511532,1.19439294,-0.588
0.991280692,1.495070332,1.202717389,-0.218
1.004734588,1.509973475,1.20670975,-0.392
1.022313428,1.524705136,1.207448876,-0.415
1.043595524,1.536727729,1.206556528,-0.567
1.06912598,1.538884079,1.205081942,-0.502
1.093845198,1.539730192,1.20627086,-0.501
1.114515442,1.542945958,1.212051369,-0.414
1.128673939,1.551691681,1.223495075,-0.436
1.131887334,1.572064394,1.240698063,-0.609
1.130325827,1.596410467,1.262365169,-0.719
1.127790493,1.620287839,1.286435133,-0.522
1.128110522,1.639229277,1.310367842,-0.631
1.135850292,1.64477055,1.3309277,-0.393
1.149330229,1.644242416,1.347226358,-0.632
1.166890269,1.641280318,1.358414942,-0.676
1.185546108,1.640051633,1.364530254,-0.567
1.201363907,1.646510499,1.365012219,-0.588
1.211621001,1.658764013,1.36364774,-0.370
1.214226521,1.675741833,1.362861987,-0.719
1.208708438,1.695089908,1.364530254,-0.610
1.193190364,1.711704212,1.370847012,-0.806
1.175955154,1.726005743,1.379361209,-0.414
1.162583435,1.736684175,1.388105359,-0.805
1.157831946,1.743033475,1.394862987,-0.305
1.167993934,1.744865567,1.394930268,-0.717
1.187504976,1.743254431,1.391961278,-0.588
1.212287717,1.739710792,1.387382787,-0.566
1.237338404,1.736179974,1.382839199,-0.631
1.254061982,1.7328481,1.381619883,-0.717
1.265681762,1.734661005,1.381587927,-1.021
1.272918874,1.743830106,1.382168476,-0.762
1.277589625,1.761164251,1.382839199,-0.784
1.283441096,1.787539056,1.379853195,-0.697
1.29026266,1.81776498,1.379442409,-0.523
1.298923016,1.847625257,1.384125121,-0.502
1.309787972,1.873178376,1.395546392,-0.652
1.321065004,1.88768134,1.41742566,-0.544
1.334915855,1.896733148,1.442663331,-0.610
1.351264464,1.903219875,1.46692797,-0.784
1.369380661,1.910456545,1.486307717,-0.696
1.389040534,1.923050618,1.492432313,-0.698
1.406734026,1.939550062,1.49446242,-0.566
1.420194682,1.959022348,1.496726944,-0.762
1.427875239,1.979508567,1.503270832,-0.588
1.425969764,1.996564167,1.521432006,-0.610
1.42075227,2.011139733,1.543492439,-0.675
1.415587071,2.022525086,1.565015318,-0.739
1.413337929,2.030510912,1.581244498,-0.849
1.418284791,2.034684672,1.583555075,-0.565
1.425718672,2.037010401,1.578389716,-0.870
1.43242911,2.038965754,1.569038405,-0.828
1.434847804,2.041981113,1.559801757,-0.761
1.427105991,2.046252043,1.556071944,-0.719
1.412604307,2.053850965,1.559214739,-0.806
1.393242339,2.06518648,1.570243296,-0.589
1.372044114,2.079804201,1.588461607,-0.871
1.35209467,2.096243242,1.611449862,-0.763
1.337423389,2.1130597,1.636326129,-0.718
1.330762143,2.128401618,1.659637281,-0.501
1.333407225,2.140653856,1.678358304,-0.674
1.347094289,2.146724285,1.688557967,-0.893
1.36662433,2.149856492,1.693106188,-0.719
1.388222186,2.151793053,1.694177129,-0.611
1.408522653,2.154448187,1.694749453,-0.371
1.419892875,2.159484879,1.6975075,-0.501
1.430857215,2.16794006,1.705661626,-0.676
1.445062623,2.180149036,1.720882965,-0.762
1.46542969,2.195755585,1.743309421,-0.762
1.497143716,2.213068834,1.772169191,-0.870
1.531722534,2.232380145,1.803621594,-0.479
1.563126357,2.253100731,1.83388573,-0.805
1.584905626,2.274787095,1.859446582,-0.718
1.58983989,2.294433636,1.874691863,-0.719
1.578618864,2.31650976,1.883836046,-0.741
1.553067906,2.342334147,1.889141676,-1.023
1.518172799,2.372248835,1.893391949,-0.805
1.47523495,2.407843662,1.900218512,-0.696
1.44226966,2.442701288,1.909491989,-0.805
1.429552137,2.472568157,1.921172607,-0.979
1.442903784,2.493914033,1.934307941,-0.958
1.493811805,2.499030531,1.946178861,-0.740
1.556792574,2.497795731,1.957090777,-0.610
1.61532771,2.495430434,1.966281998,-0.588
1.654598689,2.4969626,1.97337153,-0.849
1.648386048,2.509975519,1.97650522,-0.804
1.623180996,2.529006459,1.97946958,-0.740
1.593743276,2.55084591,1.98413828,-0.979
1.575894352,2.571503192,1.991918858,-1.087
1.596961126,2.582106436,2.004841196,-0.479
1.638463414,2.589170118,2.02010162,-0.652
1.691357809,2.594979002,2.035779541,-0.849
1.743794758,2.602232951,2.049964555,-0.763
1.772228736,2.61483598,2.057261579,-0.674
1.788717049,2.631398815,2.063823603,-1.065
1.796136295,2.65107453,2.072085154,-1.109
1.799255469,2.672169457,2.084035029,-0.653
1.809234017,2.69042237,2.103509671,-0.936
1.819592792,2.707414094,2.125190046,-0.805
1.828954943,2.722764566,2.145930584,-0.913
1.835392935,2.736368949,2.162732944,-1.023
1.832748121,2.74715941,2.168630053,-0.848
1.827742661,2.757406854,2.171425007,-0.741
1.823190736,2.768111013,2.174828142,-0.718
1.821953816,2.779950655,2.182450802,-0.848
1.827268445,2.791952819,2.19931463,-0.805
1.838627299,2.80564713,2.222008824,-0.805
1.855372305,2.820803106,2.248126874,-1.065
1.875878122,2.836637433,2.274381702,-0.784
1.897137824,2.85245564,2.294622067,-0.806
1.918265085,2.866524329,2.311022565,-0.827
1.937837071,2.878018785,2.323820803,-0.849
1.955032992,2.88708012,2.334092711,-0.740
1.96756994,2.889017323,2.342072512,-0.892
1.97957175,2.89562497,2.351629965,-0.849
1.993074313,2.912166648,2.364789504,-0.761
2.009539868,2.94166975,2.382510595,-1.088
2.030099155,2.990474392,2.406001559,-0.936
2.05248359,3.04394732,2.43109967,-0.914
2.074127063,3.092451219,2.454673725,-0.979
2.091936623,3.12724059,2.473975266,-1.174
2.102376991,3.132193203,2.482423189,-0.762
2.104648196,3.123646985,2.488204148,-0.979
2.098709047,3.110475228,2.495299173,-0.632
2.086226171,3.102260111,2.507352897,-0.828
2.066000219,3.113678402,2.530066827,-0.892
2.049383064,3.137365692,2.558045902,-1.131
2.042784344,3.169521188,2.58783359,-0.957
2.050417143,3.204174336,2.615404603,-1.000
2.078669343,3.22775588,2.631592089,-0.870
2.115853074,3.246688753,2.643296215,-1.087
2.153692317,3.26138086,2.652600784,-0.783
2.18400647,3.273006888,2.661608289,-0.913
2.19267541,3.285386826,2.675315084,-1.045
2.190683862,3.29551904,2.688016465,-0.827
2.183686979,3.302802113,2.697124157,-1.066
2.178551759,3.306909327,2.70046311,-0.827
2.186354951,3.303925149,2.69087794,-0.892
2.203148345,3.301864112,2.679387412,-1.044
2.227673975,3.304573306,2.671460821,-0.957
2.257031432,3.315085023,2.671896111,-1.174
2.283308859,3.335680185,2.687514542,-1.153
2.310227722,3.364464574,2.712126081,-1.066
2.337474554,3.398606738,2.74151169,-0.785
2.364914159,3.434091461,2.770655011,-1.044
2.392495653,3.463516237,2.789793705,-1.023
2.419453084,3.487957114,2.804754793,-0.849
2.44488291,3.50621452,2.817462459,-0.936
2.467620352,3.517953091,2.830602328,-0.979
2.485673576,3.523691994,2.84821085,-1.044
2.49916834,3.524682155,2.869713807,-1.109
2.50780515,3.522859816,2.894973379,-0.827
2.511761544,3.520691519,2.922893469,-1.131
2.50992192,3.516774466,2.948764294,-0.957
2.5065395,3.520415446,2.975242001,-0.697
2.504128768,3.535571409,3.001641977,-0.979
2.504830745,3.563942902,3.026818897,-0.935
2.509402446,3.607412922,3.049926503,-1.110
2.51909913,3.657258567,3.068149333,-0.914
2.533447767,3.706292697,3.07971722,-1.131
2.550931915,3.747579652,3.083770406,-0.958
2.568946158,3.768594776,3.07673922,-1.088
2.585661943,3.779290207,3.066944613,-1.001
2.59915272,3.784236906,3.059204713,-0.871
2.608277675,3.788619782,3.057746712,-1.283
2.609906707,3.801027842,3.06627864,-1.022
2.610159818,3.816767089,3.083575922,-1.000
2.612533615,3.833816604,3.107457336,-1.023
2.620106083,3.849383838,3.134297419,-0.979
2.636109122,3.854512608,3.158540133,-0.979
2.658613953,3.858396754,3.178836551,-0.805
2.685616311,3.864342787,3.193575374,-1.262
2.714249036,3.875379529,3.202796573,-0.979
2.738640991,3.895555803,3.204084658,-0.893
2.761059592,3.921554836,3.207300257,-1.131
2.781507068,3.950874634,3.218144485,-0.913
2.800489356,3.980323288,3.240771934,-1.001
2.817706285,4.002253304,3.279222636,-0.914
2.835522519,4.021852192,3.32729457,-0.914
2.854834149,4.040237232,3.378850148,-1.283
2.875782144,4.058543641,3.426523302,-1.219
2.89764688,4.077819158,3.459644449,-1.153
2.918998186,4.097221665,3.479334777,-1.262
2.938041132,4.115581557,3.485400099,-1.261
2.95313305,4.131278515,3.480113492,-1.131
2.960610039,4.139861005,3.46477612,-1.153
2.964784334,4.144760941,3.449385034,-1.153
2.967973966,4.146956015,3.440636117,-1.175
2.972679286,4.147658027,3.443305578,-0.870
2.980416044,4.146290513,3.463003664,-0.958
2.99346116,4.146895339,3.492341989,-1.066
3.012312745,4.151179355,3.525637265,-0.979
3.036148175,4.160026663,3.55689969,-0.979
3.062270292,4.172982015,3.572816497,-1.175
3.088987629,4.189909567,3.585326977,-1.479
3.113561636,4.209728165,3.59911626,-1.153
3.133461816,4.231248682,3.618663364,-1.131
3.144275975,4.249034602,3.652126105,-0.978
3.149489469,4.26990409,3.69046377,-0.892
3.150811545,4.2959556,3.728134502,-1.240
3.150334023,4.3282736,3.759032742,-0.936
3.149867415,4.368093877,3.771480604,-1.283
3.151236278,4.410408272,3.773679928,-1.326
3.155414833,4.450910479,3.769175976,-1.088
3.162674046,4.485290291,3.762650401,-1.001
3.171362511,4.504576273,3.759382141,-1.240
3.18308929,4.516582552,3.76193872,-1.153
3.197846195,4.524652931,3.771914384,-1.000
3.215478888,4.532457862,3.789068229,-1.067
3.232649722,4.544671025,3.810629193,-1.065
3.253947515,4.560447037,3.835231843,-0.957
3.280233941,4.579354572,3.860159822,-1.153
3.311185445,4.600160209,3.883041531,-1.305
3.347365022,4.6162586,3.898393306,-1.219
3.382073143,4.634798215,3.91266264,-1.175
3.410632412,4.657570187,3.928868525,-0.957
3.429294865,4.6855611,3.949759594,-1.305
3.429373404,4.719812229,3.977321899,-1.218
3.422589338,4.756566048,4.010867669,-1.067
3.415002924,4.792544329,4.048381936,-1.044
3.412235125,4.82443104,4.086502559,-1.153
3.422947549,4.843844166,4.119625833,-1.348
3.44002201,4.858969062,4.146635881,-1.414
3.459314209,4.872766146,4.165642074,-1.240
3.476095201,4.88783413,4.176128093,-1.414
3.478677012,4.908142058,4.174592755,-1.522
3.478097746,4.929417134,4.170925829,-1.196
3.478744594,4.948960671,4.170732154,-1.305
3.484967999,4.96406749,4.178525154,-1.065
3.503619974,4.965788007,4.199567981,-1.219
3.529254389,4.965683227,4.228876659,-1.110
3.558545543,4.968719632,4.262449692,-1.370
3.587384765,4.97917128,4.295602995,-1.153
3.60721262,5.002370773,4.317217898,-1.109
3.623576507,5.033464067,4.33639094,-1.348
3.638362922,5.068594174,4.356142664,-1.348
3.654142699,5.103061424,4.379447645,-1.001
3.672205549,5.126638752,4.411330902,-1.500
3.696241867,5.146280467,4.446811243,-1.327
3.727303274,5.164143051,4.482767827,-1.305
3.764558764,5.182886915,4.515655244,-1.196
3.807530764,5.20414576,4.536850367,-1.392
3.848781214,5.23025274,4.553911233,-1.131
3.883011756,5.261358682,4.569554586,-1.261
3.906381823,5.295930859,4.586510568,-1.218
3.907747455,5.329507551,4.605889129,-1.023
3.904449016,5.360806884,4.629237565,-1.044
3.904801902,5.386844833,4.655560632,-1.154
3.915332783,5.405214284,4.682109543,-1.326
3.948612644,5.41165716,4.706112703,-1.174
3.986625672,5.411776081,4.721648357,-1.240
4.018698112,5.409395195,4.725071269,-1.306
4.034767684,5.409029005,4.715254408,-1.349
4.014619366,5.410349139,4.684488889,-1.153
3.979839662,5.424088201,4.653998028,-1.414
3.942005129,5.453807071,4.635803717,-1.218
3.913542423,5.499362151,4.639508457,-1.479
3.912771108,5.562001784,4.679284264,-1.131
3.931689592,5.625691256,4.738420522,-1.218
3.966130534,5.679031371,4.805533406,-1.305
4.008899728,5.712954355,4.868222422,-1.348
4.044236062,5.708330637,4.901171781,-1.261
4.077364244,5.690844196,4.923140939,-1.239
4.107183892,5.674510141,4.940784274,-1.087
4.133749921,5.672632575,4.961221891,-1.261
4.157873525,5.705771027,5.000234784,-1.327
4.180145954,5.757471913,5.04162272,-1.240
4.201031982,5.817818654,5.077699681,-1.109
4.220470841,5.874814063,5.100944034,-1.349
4.237080915,5.903289795,5.092809324,-1.436
4.251242942,5.920337464,5.075022007,-1.370
4.262463059,5.931738941,5.0581435,-1.392
4.270547528,5.94464175,5.0526191,-1.326
4.271784501,5.971153998,5.073219086,-1.457
4.273975746,6.005330249,5.111234556,-1.132
4.2807956,6.044589581,5.161069459,-1.305
4.295054303,6.084690121,5.214701651,-1.392
4.318154142,6.113278097,5.255605693,-1.457
4.349127424,6.13924299,5.29063594,-1.348
4.385423037,6.164231034,5.32014466,-1.348
4.423264196,6.189826625,5.345778424,-1.436
4.45607249,6.218154884,5.369791203,-1.392
4.484017923,6.247161745,5.393646431,-1.457
4.505760999,6.275307867,5.418137522,-1.479
4.521125527,6.30090279,5.442930683,-1.326
4.527970533,6.316522808,5.464675661,-1.392
4.533369963,6.331832686,5.484558274,-1.348
4.541369037,6.350357322,5.501397775,-1.457
4.555164314,6.374684163,5.514074315,-1.261
4.576745913,6.406059049,5.518782747,-1.218
4.605171569,6.442570901,5.520970991,-1.435
4.638177514,6.480967881,5.523451987,-1.218
4.67241659,6.517018534,5.529154548,-1.305
4.700312605,6.541994651,5.538379243,-1.240
4.725267513,6.560192457,5.556445424,-1.457
4.747256694,6.572495263,5.584996992,-1.240
4.766644523,6.580788809,5.623811436,-1.327
4.78275914,6.585234618,5.668500811,-1.544
4.79788155,6.592457614,5.718787421,-1.370
4.812783909,6.60620939,5.770799283,-1.261
4.827713368,6.629059585,5.819830371,-1.326
4.840516926,6.658104427,5.860166999,-1.370
4.853596944,6.698620216,5.889510309,-1.674
4.867103201,6.749845459,5.906150671,-1.370
4.880906941,6.808726444,5.910505942,-1.240
4.892538773,6.871904273,5.89813643,-1.305
4.905438332,6.931296327,5.885014296,-1.435
4.920735881,6.981046079,5.879932871,-1.414
4.939313141,7.017701718,5.889442854,-1.479
4.958850679,7.028391287,5.921106814,-1.240
4.983813507,7.037409527,5.96535985,-1.414
5.014908398,7.056829434,6.014411692,-1.370
5.051525751,7.095841886,6.059620892,-1.566
5.091473463,7.169351591,6.083168371,-1.674
5.132021223,7.25582872,6.098413853,-1.522
5.169699849,7.340977929,6.110412359,-1.544
5.201280282,7.410422604,6.124954142,-1.631
5.219259739,7.435288066,6.150768735,-1.522
5.23125018,7.4416714,6.18372432,-1.501
5.240407445,7.441839855,6.221504621,-1.435
5.249754646,7.449177748,6.260390521,-1.761
5.262907824,7.483624053,6.290437201,-1.435
5.278157189,7.535521552,6.318385768,-1.153
5.294271583,7.599427283,6.345694958,-1.500
5.309642317,7.66658275,6.374177742,-1.609
5.317140655,7.717181824,6.401461169,-1.457
5.325994637,7.76002111,6.434540607,-1.348
5.339757708,7.79545165,6.474683252,-1.349
5.36128864,7.825335516,6.520572643,-1.609
5.39207171,7.850973834,6.571474374,-1.240
5.43114301,7.876928717,6.616445565,-1.696
5.475797984,7.905650698,6.647812961,-1.196
5.521913975,7.93813509,6.660295035,-1.370
5.562483776,7.971905273,6.641159307,-1.479
5.59702338,8.008003819,6.613168424,-1.392
5.623692667,8.044611924,6.590076136,-1.587
5.642071209,8.079557488,6.585070854,-1.435
5.647811679,8.104842491,6.612236636,-1.566
5.652103576,8.129470751,6.667662989,-1.587
5.660622312,8.156512723,6.746239489,-1.587
5.677462967,8.188430834,6.83831949,-1.696
5.707321555,8.225462153,6.926937258,-1.544
5.743405414,8.268547925,7.008790818,-1.805
5.78022895,8.316087354,7.077378526,-1.805
5.812017627,8.365231345,7.129324374,-1.348
5.825139939,8.40769453,7.157467458,-1.739
5.832733336,8.448184737,7.177070316,-1.587
5.840235991,8.486702747,7.197215824,-1.587
5.853048785,8.52332437,7.225581365,-1.501
5.879117233,8.554711031,7.272331683,-1.457
5.912918719,8.586211809,7.327767931,-1.718
5.950982235,8.619235211,7.384989644,-1.500
5.988847592,8.654239855,7.436248318,-1.718
6.013331987,8.686953683,7.461053515,-1.435
6.036325391,8.721681509,7.479480854,-1.457
6.061171243,8.757969811,7.498989138,-1.674
6.090513386,8.794311405,7.52634724,-1.761
6.129679724,8.825873114,7.574343722,-1.652
6.170360331,8.854568711,7.628624632,-1.392
6.207612034,8.879864706,7.681354005,-1.457
6.237023909,8.901762258,7.724873512,-1.457
6.243944642,8.914558262,7.738767956,-1.739
6.248462312,8.930259667,7.747248108,-1.739
6.259327201,8.95402397,7.76116818,-1.565
6.283691653,8.989352035,7.790397412,-1.587
6.332801969,9.037359779,7.848754582,-1.695
6.393214281,9.095844538,7.923862182,-1.718
6.456544947,9.160438339,8.006677791,-1.457
6.514499337,9.225489748,8.085972077,-1.305
6.550130006,9.277352532,8.139159373,-1.674
6.581753585,9.324503999,8.178297571,-1.587
6.61980856,9.368132709,8.20618918,-1.566
6.676193018,9.409423613,8.227324012,-1.696
6.760308416,9.448103028,8.249504924,-1.544
6.880428565,9.484830666,8.27164668,-1.327
7.037930688,9.518485516,8.294738184,-1.457
7.227341961,9.547290316,8.319092173,-1.500
7.439623163,9.564481972,8.334681217,-1.522
7.653893912,9.577047735,8.358111533,-1.565
7.850906806,9.587480603,8.394453706,-1.587
8.014216179,9.598500535,8.445813491,-1.609
8.120348825,9.606391549,8.516508711,-1.804
8.188440111,9.623213118,8.591263357,-1.414
8.230650996,9.652896689,8.659406926,-1.457
8.261969787,9.696374929,8.711729979,-1.631
8.300517859,9.752976653,8.725854187,-1.522
8.349427659,9.814326237,8.729565852,-1.370
8.410721864,9.872452283,8.735952093,-1.566
8.481231072,9.920094979,8.756650168,-1.848
8.550679267,9.93965706,8.810759542,-1.652
8.615726451,9.951140084,8.878205565,-1.739
8.669861873,9.963446978,8.946669292,-1.826
8.708642902,9.984721401,9.002893796,-1.609
8.72067129,10.02561545,9.016849078,-1.674
8.725109572,10.07760544,9.015925309,-1.696
8.732392907,10.13428336,9.011475792,-1.848
8.751601156,10.18771141,9.015241137,-1.652
8.793586776,10.21762276,9.046669589,-1.565
8.849149094,10.24085193,9.091827339,-1.631
8.910507711,10.26275921,9.143403389,-1.391
8.967796593,10.2887314,9.192399864,-1.957
9.002057742,10.32477057,9.214101104,-1.674
9.022759874,10.36812062,9.231157143,-1.718
9.032709359,10.41578019,9.250972223,-1.718
9.037112751,10.46310912,9.28010934,-1.500
9.039808057,10.49676217,9.329912584,-1.630
9.050956671,10.52644998,9.386611928,-1.522
9.076426251,10.55414533,9.44148729,-1.761
9.118968386,10.58195262,9.485422718,-1.805
9.175345333,10.60859516,9.497480306,-1.609
9.244620764,10.63939879,9.497873202,-2.000
9.320615533,10.67537075,9.495465981,-1.566
9.395385655,10.71584231,9.499580525,-1.804
9.456295089,10.75481841,9.520932652,-1.522
9.504112798,10.7954591,9.557580683,-1.652
9.537242974,10.83633803,9.607141825,-1.761
9.556623228,10.87569821,9.664214419,-1.891
9.55847809,10.90526689,9.713619773,-1.826
9.559218603,10.93457184,9.761992535,-1.609
9.56790178,10.96624574,9.80798107,-1.566
9.591133735,11.00183806,9.850524571,-1.696
9.633390388,11.03895187,9.885745721,-1.630
9.689840482,11.07951177,9.917655403,-1.479
9.753961743,11.12148532,9.947078543,-1.652
9.817550517,11.16169089,9.974375243,-1.674
9.862834974,11.19055982,9.997166369,-1.522
9.90071598,11.21489038,10.01892683,-1.696
9.933985028,11.23584257,10.0407022,-1.566
9.966414373,11.25477905,10.06363063,-1.761
10.00154213,11.26825917,10.07890371,-1.370
10.04176632,11.28508828,10.10414963,-1.804
10.08785375,11.30832477,10.14501516,-1.783
10.13890106,11.33941605,10.20337762,-1.609
10.18481477,11.37430268,10.28265727,-1.479
10.23518672,11.41674379,10.365351,-1.566
10.29030098,11.46516725,10.43843376,-1.674
10.34850068,11.51667809,10.4905545,-1.609
10.40759087,11.56135655,10.49634852,-1.479
10.46050246,11.60581325,10.48604607,-1.826
10.50170266,11.65007974,10.4746584,-1.739
10.52754023,11.69365512,10.47656707,-1.718
10.52355189,11.73156428,10.51245111,-1.544
10.51548066,11.7682535,10.56752906,-1.523
10.51599833,11.80361043,10.63230273,-1.696
10.53536902,11.83678857,10.69470475,-1.696
10.5863092,11.8610039,10.72630922,-1.935
10.6553329,11.88369794,10.74823039,-1.891
10.73191173,11.90645552,10.76703085,-1.761
10.80398591,11.93023171,10.79003778,-1.848
10.84550149,11.9504954,10.82712204,-1.826
10.8764621,11.97464259,10.87394035,-1.761
10.90431078,12.00426548,10.9271228,-1.348
10.93757775,12.03968469,10.9810657,-1.566
10.98624293,12.07409554,11.02059381,-1.544
11.04922559,12.11491283,11.05491161,-1.674
11.12461203,12.16221609,11.08514523,-1.544
11.20724887,12.21436801,11.1129485,-1.587
11.28158403,12.26515824,11.1366735,-1.544
11.3539626,12.31537342,11.16294805,-1.870
11.42217881,12.3622677,11.19399147,-1.609
11.48418208,12.40328148,11.2304358,-1.587
11.53497775,12.42738953,11.26597254,-1.826
11.57880285,12.44909539,11.30650252,-1.761
11.61711873,12.4735571,11.35099737,-1.653
11.65176563,12.5044209,11.39681423,-1.696
11.6778573,12.54343225,11.43730111,-1.609
11.70890064,12.5879139,11.47306121,-1.935
11.75034954,12.63378039,11.50209852,-1.826
11.80546894,12.67630566,11.5233877,-1.848
11.87296135,12.69966551,11.52766635,-1.696
11.95331942,12.72141714,11.53246783,-1.761
12.0429941,12.74782088,11.54542068,-1.696
12.13712997,12.7840741,11.57194578,-1.718
12.22113723,12.83287827,11.61697942,-1.826
12.30649043,12.89313017,11.67335807,-1.761
12.39522788,12.96063796,11.73428979,-1.652
12.48854651,13.02897981,11.79233817,-1.804
12.58352068,13.08263386,11.82647789,-1.761
12.68162911,13.12910852,11.85804587,-1.631
12.78000251,13.16851397,11.89442001,-1.652
12.87438716,13.20186334,11.94159784,-1.761
12.95662621,13.22544584,12.00712481,-1.761
13.02904772,13.2496019,12.08052079,-1.718
13.09210664,13.27855085,12.15299919,-1.891
13.14858225,13.31474929,12.21461544,-2.130
13.18835426,13.35348562,12.2434102,-1.783
13.24229029,13.40066317,12.25642378,-1.848
13.32390102,13.45487526,12.25994138,-1.609
13.44056251,13.51262622,12.26139213,-1.674
13.60337444,13.56407577,12.26887912,-1.652
13.7825312,13.6124309,12.28493239,-1.761
13.95591992,13.65610701,12.31101784,-1.630
14.10262941,13.6942681,12.34644837,-1.544
14.17853219,13.71841813,12.37725667,-1.674
14.22722098,13.74394855,12.4195718,-1.609
14.26824547,13.77713534,12.47574425,-1.653
14.32070198,13.82222775,12.54497941,-1.674
14.417556,13.8784675,12.62709312,-1.805
14.52906397,13.94633912,12.70784814,-1.870
14.63871233,14.02127925,12.77645938,-2.022
14.72825381,14.0965684,12.8242597,-1.891
14.75377201,14.15598071,12.82781266,-1.804
14.75722409,14.20761176,12.81974044,-1.565
14.7560496,14.25165315,12.81567428,-1.761
14.76802413,14.28907099,12.82915659,-1.804
14.81798674,14.31677674,12.87983074,-1.826
14.89170491,14.34351773,12.94836356,-1.870
14.97957498,14.37291085,13.02190511,-1.783
15.06764605,14.40728423,13.08618854,-1.891
15.12591088,14.43979716,13.10610819,-1.761
15.16895538,14.48173438,13.11458375,-1.848
15.19925157,14.53436376,13.12427292,-1.913
15.22223082,14.59602202,13.14743184,-1.826
15.23900284,14.65945241,13.20362002,-1.739
15.26546809,14.72297954,13.27575804,-1.826
15.3092345,14.7811919,13.35335094,-1.848
15.37335422,14.82915158,13.42410417,-1.674
15.45573072,14.8525587,13.4563296,-1.870
15.54876622,14.86873937,13.47821686,-1.957
15.64197953,14.88503433,13.49924049,-1.978
15.72452286,14.90803641,13.52829565,-1.913
15.77142298,14.93998054,13.5801342,-1.804
15.80516063,14.98479896,13.64008301,-1.891
15.83430319,15.04083671,13.69935204,-1.978
15.86737563,15.10333259,13.74856818,-1.848
15.91295976,15.15785567,13.75967422,-1.848
15.9685571,15.21029538,13.7643054,-1.544
16.03037721,15.25888561,13.77477844,-1.848
16.09200408,15.30245848,13.80159025,-2.066
16.13365116,15.33274929,13.8597056,-2.000
16.17020594,15.36309295,13.93255877,-2.087
16.20462292,15.39854711,14.00835554,-1.913
16.23986776,15.44250211,14.0739793,-2.065
16.27303092,15.49164514,14.09967749,-1.739
16.31266442,15.55067061,14.11101042,-1.891
16.36000625,15.61719228,14.11809308,-1.891
16.41353322,15.686398,14.13190364,-2.065
16.46500394,15.74565147,14.16350745,-2.022
16.51597231,15.79942574,14.2133515,-2.000
16.56297774,15.84617436,14.27918669,-1.805
16.60293704,15.88525808,14.35435862,-1.826
16.62013442,15.90506464,14.42151153,-2.022
16.6370866,15.92621205,14.48388612,-1.978
16.66206484,15.95599774,14.5372128,-1.957
16.70062299,15.99815848,14.57873625,-1.935
16.75746789,16.05715224,14.59881777,-1.674
16.82333834,16.11857482,14.61351178,-1.935
16.88944523,16.17151034,14.63051637,-1.978
16.94668512,16.20661339,14.65622513,-1.848
16.96897976,16.19420362,14.69248861,-1.891
16.98552073,16.17618641,14.74202303,-1.891
17.00803356,16.17154658,14.80223024,-1.891
17.04694839,16.19594029,14.86772026,-1.891
17.11308212,16.27108395,14.92231594,-1.740
17.19889885,16.37180196,14.97469799,-1.978
17.29633674,16.47958731,15.02432703,-2.196
17.39428403,16.57368195,15.07074378,-1.783
17.46418614,16.61122305,15.10812926,-1.870
17.52500383,16.62382795,15.1443385,-1.826
17.57987861,16.62347898,15.18120922,-1.935
17.6318903,16.62447952,15.21937072,-1.913
17.68299371,16.64462978,15.25170686,-2.022
17.73178996,16.6827911,15.28684461,-1.978
17.77532909,16.73752294,15.32549097,-1.848
17.80973419,16.80254034,15.36676265,-1.870
17.81865874,16.85647741,15.40273581,-1.631
17.82143702,16.90971719,15.43984451,-2.065
17.82496869,16.96035836,15.4780873,-2.108
17.83524054,17.00684051,15.51694267,-1.826
17.85179221,17.04138738,15.54660243,-1.848
17.88229545,17.07432666,15.58082817,-1.739
17.92673031,17.10902455,15.62324192,-1.848
17.98176199,17.14772028,15.67528527,-2.065
18.03308671,17.18432171,15.73322181,-1.826
18.08762486,17.22842902,15.79724071,-2.130
18.1428867,17.2805818,15.86310245,-2.022
18.19591766,17.33877795,15.92573218,-1.696
18.2352525,17.3923122,15.96897705,-2.217
18.27230656,17.44660189,16.0084812,-2.043
18.30976516,17.49956369,16.04881379,-1.848
18.34937294,17.54875387,16.09365952,-2.130
18.38529178,17.58367814,16.14259257,-2.130
18.42655396,17.61654683,16.19811582,-1.935
18.47413659,17.65132387,16.25810869,-1.913
18.52713796,17.69120416,16.31855836,-1.891
18.5744874,17.72841986,16.36375365,-1.956
18.62711326,17.77782002,16.40682985,-1.848
18.68601986,17.84137083,16.44970661,-2.131
18.75073669,17.9166122,16.49325657,-1.870
18.80989044,17.9967443,16.53342131,-2.000
18.87549137,18.07224164,16.57360494,-1.957
18.94807432,18.13284865,16.61243633,-2.022
19.02554686,18.17056757,16.64771736,-1.848
19.10055643,18.16259075,16.66718952,-1.978
19.17151871,18.14292225,16.68559036,-2.043
19.2336084,18.12865198,16.70745308,-1.870
19.28309131,18.1351341,16.73615043,-2.000
19.30126183,18.17636433,16.76857045,-2.282
19.31766239,18.24719109,16.81146807,-1.957
19.34455055,18.33933861,16.86455508,-1.675
19.39088432,18.43943446,16.92527442,-2.043
19.46280253,18.51699124,16.98076221,-2.065
19.55166876,18.58382644,17.04027782,-2.000
19.64654855,18.63851746,17.10342285,-1.957
19.73410249,18.68172152,17.16868922,-2.087
19.78428047,18.71005379,17.22669593,-1.913
19.81783344,18.73511525,17.28518295,-1.957
19.84096311,18.76242757,17.34396268,-1.870
19.8614269,18.79571123,17.40157471,-2.130
19.88338752,18.82920049,17.44905199,-1.935
19.91680167,18.87325945,17.49385669,-2.087
19.96511233,18.92827268,17.53635591,-2.109
20.02778421,18.99185867,17.57635876,-2.152
20.09139668,19.05026637,17.60439623,-1.761
20.16462019,19.11293279,17.63443228,-2.065
20.24450351,19.17878506,17.67046015,-1.891
20.32642363,19.24551953,17.7145633,-2.152
20.39461882,19.30217608,17.75963691,-2.043
20.46043142,19.35745736,17.8138842,-2.087
20.52450013,19.41155813,17.87598418,-2.000
20.58651606,19.46364952,17.94199704,-1.913
20.63962944,19.50467716,18.00150283,-2.131
20.69021883,19.54436068,18.0558684,-1.783
20.73831741,19.58421872,18.10215481,-2.022
20.78331571,19.62474232,18.13881879,-1.935
20.81082626,19.65431688,18.15018636,-1.956
20.84236453,19.68964717,18.16476337,-1.892
20.88436339,19.7342674,18.19389725,-2.283
20.94009549,19.7886122,18.24460032,-2.130
21.00687726,19.84797019,18.3237648,-2.087
21.08289615,19.90967022,18.41465776,-2.195
21.16156286,19.96785495,18.50273588,-2.217
21.2352533,20.01717009,18.57338264,-2.152
21.28028329,20.03538376,18.59175096,-2.043
21.3204444,20.05327466,18.59336482,-2.022
21.36335014,20.08276487,18.59343059,-1.935
21.41528676,20.13251383,18.60685501,-1.978
21.47747985,20.21041397,18.6508515,-2.065
21.55149959,20.30386748,18.71762582,-2.282
21.6330002,20.40039059,18.79958864,-2.087
21.71463362,20.48583501,18.88485871,-2.260
21.77553673,20.5246709,18.94248606,-2.087
21.82851744,20.54776208,18.99122283,-2.108
21.87485975,20.56531787,19.03349815,-2.239
21.91651643,20.58716319,19.07252092,-2.152
21.94379843,20.62633443,19.10912212,-2.109
21.97738542,20.67367319,19.1477804,-1.913
22.02364851,20.72283497,19.18935875,-1.891
22.08454881,20.76628013,19.23311049,-2.174
22.15688238,20.77376338,19.26505379,-1.957
22.23326554,20.78248498,19.30279894,-2.261
22.30388699,20.80591425,19.35023328,-1.891
22.35958302,20.85434358,19.4086748,-2.282
22.3707178,20.93835436,19.47249717,-1.913
22.37513846,21.04333145,19.5433202,-2.044
22.38841197,21.15552188,19.61655324,-2.065
22.42328685,21.258985,19.68634955,-2.174
22.4935753,21.31727485,19.73306796,-2.152
22.58502111,21.35807489,19.77469969,-2.130
22.68462874,21.39025801,19.81539746,-2.109
22.77688723,21.42362203,19.85790539,-2.131
22.82218103,21.46679718,19.90167845,-2.043
22.85410002,21.52207943,19.94592392,-2.044
22.88338426,21.58809194,19.98713043,-2.065
22.92053588,21.65963765,20.021387,-2.130
22.97558422,21.71408956,20.02849735,-2.239
23.04487038,21.76860308,20.03609726,-2.043
23.12262198,21.82428289,20.05430818,-2.109
23.19966443,21.88092602,20.09049061,-2.261
23.25005048,21.93204959,20.14822702,-2.109
23.29229789,21.98212957,20.22266467,-2.196
23.33048661,22.02981344,20.30542658,-2.282
23.36961506,22.07319555,20.38577731,-2.304
23.40281933,22.09681782,20.43658447,-2.108
23.45187399,22.12216687,20.47761241,-2.304
23.52302215,22.15616787,20.51370615,-2.152
23.61647354,22.20324434,20.550054,-2.130
23.72524013,22.25948771,20.58723017,-2.152
23.83859597,22.32921803,20.63210706,-2.217
23.94233201,22.40830129,20.68521204,-2.412
24.02308448,22.48980597,20.74411371,-2.130
24.04852394,22.55257466,20.79343494,-2.130
24.05388014,22.61025054,20.84530653,-1.913
24.05475572,22.66364841,20.89991446,-2.087
24.06628477,22.71333036,20.95630204,-2.087
24.10085281,22.75145471,21.00318117,-2.326
24.15947913,22.78973273,21.05307273,-2.347
24.23777483,22.8305807,21.1077713,-2.174
24.32583016,22.87442403,21.16710601,-2.108
24.39475963,22.91009576,21.22251232,-2.087
24.45906482,22.95053541,21.28062675,-2.022
24.51778113,22.99712635,21.34024966,-1.957
24.57090863,23.04926556,21.39920023,-2.174
24.60876272,23.0941302,21.44125287,-2.065
24.64909538,23.14523966,21.48634267,-2.283
24.69789111,23.20381269,21.53940263,-1.913
24.758115,23.26885521,21.60251964,-2.326
24.82198741,23.32831716,21.67257145,-2.152
24.89619965,23.3919384,21.74699157,-1.956
24.97699149,23.45870074,21.81932461,-2.109
25.0580707,23.52585715,21.88267901,-2.065
25.11777446,23.57968041,21.91229787,-2.152
25.17282702,23.63182916,21.93713301,-2.065
25.22561291,23.68343606,21.96722895,-1.978
25.27782198,23.73469783,22.01017424,-1.804
25.32210208,23.7727423,22.07086367,-2.282
25.37021458,23.81561278,22.14299615,-2.326
25.42412584,23.86707312,22.21791837,-2.347
25.48361523,23.92761425,22.28507785,-2.218
25.533904,23.98942728,22.31592821,-2.087
25.59231723,24.05430104,22.33583026,-2.065
25.66132464,24.11726248,22.35328271,-2.218
25.74058081,24.17287767,22.37692957,-2.195
25.8171902,24.1982417,22.40988584,-2.239
25.90107925,24.22139969,22.46051613,-2.370
25.98994231,24.25175318,22.52921114,-2.152
26.07916147,24.29597145,22.61185796,-2.283
26.15170232,24.35630602,22.68959863,-2.239
26.21911416,24.42884871,22.77166343,-2.152
26.28160411,24.50576011,22.85455459,-2.261
26.33899125,24.57731136,22.93397893,-2.260
26.37837444,24.61362258,22.99551391,-2.108
26.41943937,24.64306848,23.05167157,-2.130
26.46792786,24.67425492,23.10489297,-2.109
26.52682397,24.714545,23.15686311,-2.000
26.58703488,24.76667728,23.1978343,-2.413
26.65906992,24.83171514,23.24339675,-2.022
26.74128179,24.90517486,23.29640143,-2.195
26.82903612,24.97953223,23.35642688,-2.217
26.90176422,25.02969578,23.4138443,-2.391
26.97509799,25.07549626,23.47270242,-2.261
27.04953031,25.1205179,23.52951941,-2.348
27.12395888,25.16772484,23.58060254,-2.282
27.18743093,25.2099129,23.60614096,-2.347
27.24929479,25.26004823,23.63302182,-2.065
27.30936337,25.31933055,23.67054793,-2.174
27.36636405,25.38527051,23.72498685,-2.196
27.40310965,25.4439477,23.79658281,-2.217
27.44275872,25.5012543,23.88299951,-2.196
27.49146765,25.55363266,23.97622064,-2.282
27.55219979,25.59747683,24.06576304,-2.217
27.61677883,25.61374386,24.12269388,-2.391
27.69172127,25.62846893,24.1695464,-2.261
27.77278732,25.65093083,24.21164782,-2.065
27.85317088,25.68781409,24.25409698,-2.347
27.91011019,25.73773681,24.29810258,-2.456
27.96133434,25.80428383,24.34787183,-2.304
28.00977485,25.88270233,24.402882,-1.891
28.05788186,25.96507111,24.46074755,-2.347
28.09587591,26.02516183,24.49932689,-1.935
28.14144615,26.08289706,24.54659217,-2.065
28.19830761,26.14110664,24.60955104,-2.326
28.26634955,26.20165256,24.69102382,-2.195
28.33206328,26.25810137,24.78790957,-2.413
28.40422376,26.31869982,24.89264338,-2.218
28.47940851,26.3827403,24.9935926,-2.282
28.55253704,26.44724602,25.07831251,-2.261
28.60234655,26.49397574,25.11680903,-2.261
28.64986454,26.54075961,25.13610122,-2.152
28.69996707,26.59042376,25.14643925,-2.282
28.75584341,26.64395653,25.15865319,-2.130
28.8089275,26.68986793,25.17706496,-2.196
28.87173291,26.74170396,25.21352368,-2.174
28.94414975,26.80002854,25.27017274,-2.261
29.02266895,26.86253896,25.34368743,-2.195
29.0891926,26.91523393,25.41415802,-2.130
29.15647171,26.96750897,25.49116538,-2.456
29.22412065,27.01835815,25.57008191,-2.283
29.29100013,27.06627006,25.64518411,-2.174
29.33951538,27.09310969,25.69856683,-2.348
29.39389146,27.12487555,25.74513054,-2.413
29.46020703,27.16915056,25.78785718,-2.218
29.54054709,27.22958871,25.82903789,-2.217
29.62538493,27.30056045,25.86093276,-2.239
29.71814553,27.38205681,25.89716691,-2.087
29.81166939,27.4658852,25.94029261,-2.435
29.89663466,27.54189407,25.99017084,-2.196
29.94715228,27.58340986,26.03113021,-2.304
29.98360076,27.61205732,26.08013122,-2.370
30.01130855,27.63442866,26.13846333,-2.152
30.03619689,27.65787693,26.20438886,-2.239
30.05065823,27.67710199,26.26600835,-2.022
30.07912485,27.71505007,26.32888362,-2.326
30.12913648,27.77813611,26.38986158,-2.325
30.20244809,27.86620335,26.44539516,-2.174
30.28682839,27.9679971,26.47523117,-2.152
30.38524276,28.07846494,26.50584551,-2.087
30.48881289,28.1850728,26.5455517,-2.195
30.58679559,28.27541456,26.59947917,-2.239
30.64984473,28.3157175,26.66500621,-2.195
30.70203658,28.34181346,26.742339,-2.108
30.74972362,28.36725318,26.82445533,-2.217
30.79895277,28.4039186,26.90206254,-2.456
30.84460921,28.46093966,26.94628033,-2.391
30.90220278,28.53443579,26.98246797,-2.326
30.97366276,28.61682646,27.01713299,-2.521
31.05601023,28.69702675,27.0558084,-2.391
31.13040436,28.73933013,27.09828781,-2.348
31.20659476,28.77503448,27.14922781,-2.261
31.28081158,28.81207604,27.20683397,-2.239
31.34868481,28.85716978,27.26694623,-2.261
31.38764576,28.91096192,27.30422004,-2.348
31.42570794,28.97665619,27.34686011,-2.391
31.47139559,29.05035639,27.40121492,-2.282
31.53012734,29.12492976,27.46994215,-2.369
31.59615479,29.1729989,27.54937466,-2.478
31.67554404,29.21781073,27.63457426,-2.392
31.76307291,29.26334,27.71593204,-2.283
31.85009749,29.31207312,27.78315656,-2.413
31.9095963,29.35700094,27.8054221,-2.043
31.96102467,29.40725039,27.81571364,-2.413
32.007423,29.46208158,27.82624501,-2.500
32.05200933,29.51848732,27.84802644,-2.109
32.08270172,29.55617655,27.88667723,-2.500
32.12462552,29.59702424,27.94579821,-2.587
32.18460214,29.64562468,28.02202457,-2.326
32.26393686,29.70425282,28.10777262,-2.630
32.35016464,29.76143309,28.17312301,-2.196
32.44573254,29.83077209,28.2420322,-2.434
32.54136408,29.91136128,28.31733828,-2.326
32.62602138,29.99847023,28.39986529,-2.196
32.66978738,30.07188136,28.48221125,-2.413
32.69799731,30.14274319,28.56780985,-2.304
32.7181409,30.2083773,28.65212218,-2.195
32.73781594,30.26530487,28.7289835,-2.413
32.75170697,30.2974181,28.7752637,-2.435
32.78047315,30.32266037,28.81370505,-2.391
32.82853926,30.34636409,28.85033896,-2.282
32.89417136,30.37303161,28.88998555,-2.456
32.95840433,30.38990313,28.92628844,-2.326
33.0283021,30.42346369,28.9731863,-2.413
33.09633153,30.48018657,29.03209288,-2.413
33.15365624,30.56050095,29.10061499,-2.456
33.17523124,30.65271133,29.15902515,-2.326
33.18331571,30.75469186,29.22317958,-2.261
33.18474728,30.85505528,29.29243762,-2.586
33.18647918,30.94164321,29.36383274,-2.326
33.17827863,30.98144895,29.42183618,-2.348
33.18847508,31.00621419,29.47788009,-2.543
33.2242025,31.02684231,29.531592,-2.413
33.28514592,31.05339546,29.58159945,-2.652
33.36013282,31.08971948,29.61187867,-2.543
33.440786,31.14166957,29.64345817,-2.543
33.51258508,31.20723014,29.68195386,-2.391
33.56232751,31.28038998,29.73049008,-2.261
33.54915044,31.33034972,29.77785257,-2.370
33.52498948,31.38637569,29.83910839,-2.478
33.51152559,31.4533961,29.9142748,-2.239
33.52683606,31.53310031,29.99947361,-2.565
33.58803987,31.61941468,30.07512844,-2.173
33.68072108,31.71118744,30.15304267,-2.347
33.78904135,31.80080839,30.23078355,-2.238
33.89265383,31.87977719,30.30467721,-2.435
33.9376583,31.91730616,30.35654713,-2.499
33.96690749,31.94819374,30.40504497,-2.587
33.99192635,31.98411027,30.45406522,-2.261
34.02383692,32.0342015,30.5057106,-2.261
34.0720624,32.09896541,30.54847341,-2.500
34.1333802,32.18186037,30.5983343,-2.413
34.20123317,32.27678322,30.65690601,-2.435
34.26553805,32.37332455,30.72252488,-2.608
34.288211,32.43831447,30.77671108,-2.652
34.30615248,32.49534157,30.83606899,-2.326
34.32889706,32.54725607,30.90087191,-2.347
34.36359376,32.5963,30.96893599,-2.195
34.40907168,32.63464119,31.02423396,-2.521
34.46844369,32.67503502,31.08046889,-2.522
34.53606542,32.71916041,31.13805504,-2.239
34.60300545,32.7661281,31.19589979,-2.326
34.63654485,32.795311,31.23689028,-2.609
34.66616764,32.83167811,31.28237768,-2.499
34.6984816,32.87990159,31.33691338,-2.586
34.73845006,32.9409631,31.40201283,-2.369
34.77922323,33.00278123,31.46406184,-2.261
34.83284862,33.07345063,31.53679823,-2.544
34.89835358,33.1489851,31.61868547,-2.522
34.97079078,33.22346054,31.70479457,-2.543
35.02500642,33.27013935,31.77512449,-2.500
35.08120479,33.31679323,31.84236566,-2.456
35.14057048,33.36995592,31.90577694,-2.456
35.20248191,33.43334614,31.96421675,-2.543
35.24933817,33.50002351,31.99898852,-2.564
35.30159548,33.57603858,32.037475,-2.543
35.36177124,33.65699501,32.08754972,-2.391
35.42870597,33.73600213,32.15294831,-2.543
35.48608927,33.78410377,32.2255282,-2.587
35.54543419,33.83022454,32.30952714,-2.608
35.60428458,33.88137491,32.39828844,-2.435
35.65865511,33.9422774,32.48277252,-2.478
35.68394528,34.00542557,32.5335223,-2.478
35.70950743,34.08139351,32.57696508,-2.456
35.74319949,34.1677531,32.6199105,-2.630
35.78963493,34.25824979,32.66820141,-2.522
35.83902485,34.32737975,32.71519207,-2.565
35.90273722,34.39417798,32.77660422,-2.499
35.97740094,34.45998471,32.85353324,-2.347
36.05568524,34.52515029,32.94202905,-2.629
36.1107975,34.57261167,33.02028408,-2.565
36.16173246,34.62657427,33.10015022,-2.565
36.20997077,34.6919748,33.17777764,-2.738
36.25660904,34.76919286,33.24821919,-2.694
36.28458597,34.84500414,33.29001395,-2.435
36.32193077,34.92515982,33.32615652,-2.543
36.37597187,35.00365833,33.36285657,-2.673
36.44882913,35.07331165,33.40462102,-2.456
36.5269333,35.10607211,33.44237272,-2.347
36.616805,35.13370486,33.49272793,-2.609
36.71066115,35.16671038,33.55754782,-2.586
36.79802684,35.21357018,33.63472889,-2.325
36.84729664,35.26678456,33.70157053,-2.499
36.8842311,35.34416603,33.77875227,-2.565
36.91479886,35.44492971,33.86666448,-2.435
36.94469923,35.56126948,33.96221674,-2.543
36.96489236,35.67077669,34.04945723,-2.478
36.99809612,35.77270419,34.13565727,-2.565
37.04956435,35.85701496,34.21685261,-2.370
37.11911159,35.91650714,34.28855949,-2.543
37.18682998,35.91825532,34.32548,-2.543
37.26690031,35.91542909,34.36023781,-2.630
37.35518944,35.93090842,34.40294576,-2.456
37.44468435,35.98177029,34.45995083,-2.434
37.50829945,36.08173489,34.52608711,-2.521
37.5682521,36.21348373,34.60579748,-2.522
37.62739078,36.35744865,34.69230573,-2.630
37.68690548,36.49026336,34.7755246,-2.935
37.73292151,36.55200225,34.82377351,-2.499
37.78336887,36.59273261,34.86286794,-2.326
37.8403423,36.62771428,34.89874539,-2.521
37.9027639,36.67158004,34.9371569,-2.522
37.94861582,36.73995853,34.96842372,-2.521
38.00221965,36.82376452,35.01623766,-2.456
38.0667377,36.91338949,35.08565493,-2.587
38.14167089,36.9956649,35.17545026,-2.783
38.20933092,37.02417905,35.26930886,-2.673
38.28465633,37.04577229,35.3698617,-2.456
38.3659523,37.07454104,35.46778665,-2.543
38.44881761,37.12188275,35.55327017,-2.478
38.507826,37.19315484,35.59305685,-2.717
38.56775648,37.28576606,35.6244829,-2.630
38.63226943,37.39038618,35.66033938,-2.586
38.70206251,37.49357784,35.71077033,-2.543
38.76192942,37.55255248,35.77701205,-2.391
38.82654068,37.60325893,35.86236014,-2.608
38.89478472,37.65366209,35.96031323,-2.500
38.96273445,37.71009643,36.05998316,-2.586
39.00494066,37.7703193,36.12440573,-2.674
39.04774773,37.83972282,36.18313136,-2.457
39.09602989,37.91433347,36.24134618,-2.652
39.15186039,37.98698416,36.30296372,-2.478
39.20011503,38.02401092,36.36060893,-2.673
39.25883668,38.06000052,36.42622205,-2.609
39.32834378,38.10316536,36.49932525,-2.521
39.40507769,38.15866839,36.57596216,-2.629
39.46494277,38.22012335,36.62938634,-2.413
39.52846966,38.29448027,36.68587418,-2.500
39.59650506,38.37722317,36.74912069,-2.608
39.66753515,38.4608457,36.81963802,-2.565
39.72050748,38.5116308,36.88546888,-2.391
39.77860623,38.56376045,36.95528278,-2.717
39.84483406,38.62510787,37.02633687,-2.695
39.91854671,38.7002841,37.09459667,-2.457
39.98124459,38.78254218,37.13062364,-2.825
40.04898605,38.87694535,37.17292558,-2.673
40.12056836,38.97743821,37.23252312,-2.500
40.19218014,39.07507503,37.31516127,-2.695
40.2378238,39.13349253,37.41682388,-2.608
40.28513924,39.18860935,37.53251996,-2.587
40.33923341,39.24874906,37.64927331,-2.565
40.40187232,39.31893002,37.75206485,-2.434
40.45787125,39.39341282,37.79740763,-2.652
40.52256215,39.47573859,37.8265969,-2.565
40.59435889,39.55914637,37.85289109,-2.739
40.66830538,39.63432063,37.88821191,-2.608
40.71771714,39.66585235,37.93775468,-2.609
40.76735056,39.69021869,38.00576226,-2.825
40.82091076,39.71814986,38.08812431,-2.673
40.87992408,39.75838189,38.17626637,-2.608
40.92602043,39.80480732,38.23156901,-2.587
40.9836628,39.87372715,38.29086619,-2.760
41.05593089,39.96444217,38.36149547,-2.890
41.14085817,40.07011348,38.44726697,-2.609
41.21793999,40.16218793,38.54149403,-2.652
41.29937593,40.25569948,38.64577034,-2.586
41.38062879,40.3470439,38.75182768,-2.543
41.45540586,40.43214738,38.84894461,-2.869
41.49379733,40.48490209,38.90156186,-2.587
41.52873721,40.53888321,38.94326939,-2.521
41.56886045,40.6035281,38.98346594,-2.631
41.61968111,40.6837706,39.03022708,-2.782
41.67191274,40.77008364,39.07730112,-2.782
41.73814635,40.86882477,39.14245276,-3.000
41.81575876,40.97263471,39.22674789,-2.673
41.89815965,41.07094658,39.32539274,-2.695
41.95167107,41.12799541,39.41159594,-2.629
42.00824329,41.17589679,39.50207307,-2.739
42.07305429,41.22280326,39.59393207,-2.630
42.14782023,41.27587604,39.68279653,-2.652
42.21901933,41.32504145,39.74403173,-2.847
42.29733057,41.39403744,39.80488259,-2.870
42.378556,41.48628515,39.87147035,-2.804
42.45561411,41.59834801,39.94670393,-2.717
42.49719766,41.70556135,40.01730733,-2.739
42.53415329,41.81855323,40.09770383,-2.761
42.57353626,41.92963733,40.18600007,-2.544
42.6202519,42.02961816,40.27675129,-2.630
42.66111312,42.08696868,40.34174341,-2.673
42.71794309,42.13266748,40.40702265,-2.564
42.79278948,42.17538543,40.47657254,-2.695
42.88231448,42.222215,40.55205221,-2.717
42.95997976,42.26412646,40.61659395,-2.673
43.04541552,42.32173711,40.6915846,-2.803
43.13649566,42.3975067,40.77874393,-2.652
43.22832261,42.48841847,40.87522825,-2.738
43.29548034,42.5661883,40.95835867,-2.586
43.36093315,42.65461085,41.0444555,-2.760
43.42740461,42.75334381,41.13140774,-2.587
43.49528168,42.85857425,41.21506629,-2.738
43.54392022,42.94740608,41.27021204,-2.456
43.59914913,43.03753985,41.3244287,-2.608
43.66462101,43.12837977,41.38383225,-2.934
43.73943018,43.21721531,41.45165631,-2.869
43.80243074,43.27894046,41.51239865,-2.847
43.87098449,43.34255859,41.58641333,-2.804
43.94328079,43.41380965,41.67437793,-2.521
44.0148628,43.49458642,41.77222946,-2.738
44.05713201,43.56896486,41.85407144,-2.760
44.10095756,43.65276235,41.9393531,-2.913
44.15261546,43.74448507,42.02709945,-2.783
44.21479919,43.83963463,42.11412687,-2.630
44.27169589,43.90692293,42.17648031,-2.868
44.34018606,43.98101379,42.23991045,-2.868
44.41842048,44.06904452,42.30890593,-2.891
44.50045993,44.17365683,42.38471754,-2.782
44.55637938,44.28074376,42.45034351,-2.826
44.61197082,44.39989078,42.52429387,-2.782
44.67010704,44.52456563,42.60681226,-2.674
44.73148729,44.64480417,42.69478747,-2.826
44.77563758,44.72480137,42.76067676,-3.065
44.82906186,44.79550302,42.83355587,-2.695
44.89567764,44.86308821,42.91771804,-2.869
44.9745005,44.93221039,43.01334507,-2.847
45.04330874,44.98869236,43.10175912,-2.804
45.11946776,45.05705288,43.1978916,-2.782
45.2001891,45.14081124,43.2983136,-2.847
45.2797254,45.23778409,43.39629486,-2.825
45.32823049,45.32294808,43.46411888,-2.760
45.37509721,45.41471942,43.52519346,-2.847
45.42576142,45.51050491,43.58330616,-2.674
45.48287158,45.60531278,43.64140298,-2.955
45.52971537,45.669687,43.67915521,-2.739
45.58790395,45.73562796,43.73233927,-2.521
45.65885046,45.81013266,43.81021022,-2.913
45.73953052,45.89665722,43.9150043,-2.870
45.8015476,45.98015919,44.03066898,-2.956
45.87169619,46.07778604,44.16154751,-2.804
45.95177812,46.18786402,44.29610235,-2.695
46.03977645,46.30446749,44.4201653,-2.805
46.11325962,46.39434388,44.49196809,-2.630
46.19130692,46.48808565,44.54801386,-2.803
46.27316642,46.58939798,44.5981914,-2.739
46.35526603,46.69844291,44.65147286,-2.869
46.40987899,46.79601729,44.70340864,-2.869
46.46687965,46.89961413,44.77157974,-2.608
46.53154115,47.00747028,44.85780186,-2.846
46.60540262,47.11435448,44.95849275,-2.934
46.66822913,47.19082443,45.04007882,-2.934
46.74195798,47.26517512,45.13520781,-2.912
46.82630753,47.34209521,45.24686834,-3.066
46.91633068,47.42382844,45.3731611,-2.912
46.98460713,47.48908215,45.49455755,-2.760
47.05196529,47.56788371,45.62019866,-2.760
47.1184549,47.66486773,45.74328084,-2.869
47.18254202,47.77862682,45.855123,-2.890
47.21716918,47.88524201,45.92160361,-2.673
47.25890675,47.9998716,45.97824652,-2.891
47.31669616,48.11699874,46.03498914,-3.109
47.39386221,48.2283605,46.0995034,-2.629
47.4744015,48.30079835,46.1609176,-2.913
47.56921321,48.36588468,46.24152411,-3.042
47.67097838,48.43086596,46.34306275,-2.846
47.76873402,48.50117827,46.46112547,-2.956
47.82438499,48.55998996,46.56533728,-2.978
47.87094501,48.6373834,46.67819992,-2.760
47.91567271,48.73853524,46.79817281,-2.978
47.96466744,48.86175006,46.92104451,-3.065
48.00266944,48.98000168,47.01593615,-2.955
48.05974112,49.11090093,47.11541362,-3.044
48.14130039,49.24877178,47.22418248,-2.803
48.24536336,49.38473109,47.34184635,-2.739
48.34772868,49.48149784,47.45145704,-2.804
48.45900453,49.573718,47.56090101,-2.999
48.57066946,49.66802297,47.66425635,-2.499
48.6724977,49.76830734,47.75538685,-2.870
48.72410104,49.8652122,47.80162833,-2.716
48.76894969,49.97179444,47.85161432,-2.739
48.81918714,50.0888947,47.92639287,-2.716
48.88296727,50.21637629,48.0446235,-2.999
48.95506769,50.3138815,48.19944301,-2.803
49.04119678,50.44901263,48.42566646,-2.802
49.13383943,50.64357063,48.72636004,-3.021
49.22169955,50.90775588,49.09036771,-2.673
49.25828305,51.24074098,49.48168225,-3.021
49.29109015,51.61354259,49.88626771,-2.978
49.33242479,51.99093873,50.27354784,-2.913
49.39072159,52.33488373,50.614088,-2.934
49.4602344,52.56349311,50.84925751,-2.977
49.54786041,52.73779676,51.02540651,-2.977
49.64594882,52.8776818,51.16027182,-3.041
49.74218816,53.00508418,51.27364861,-2.848
49.79196397,53.13835107,51.37371291,-2.977
49.83415128,53.2837953,51.48380469,-2.803
49.87679325,53.43884388,51.60967141,-2.978
49.92594508,53.59289111,51.74777221,-2.782
49.96905385,53.69474046,51.86100428,-2.782
50.02780023,53.78970074,51.97804038,-2.716
50.10317464,53.88534736,52.09761006,-2.999
50.19019079,53.98637558,52.21568515,-2.935
50.25643225,54.07869829,52.30425817,-2.869
50.3270389,54.18170336,52.3933501,-2.977
50.40151521,54.29499364,52.48876958,-2.934
50.47666826,54.41318384,52.59288733,-2.891
50.52425717,54.50025028,52.68392758,-3.130
50.57528143,54.58994996,52.7887173,-3.043
50.63492473,54.68596262,52.90871863,-2.891
50.70413327,54.78786861,53.03952051,-2.956
50.76216612,54.87286305,53.15071498,-2.869
50.82944926,54.96213057,53.26390084,-2.978
50.90507871,55.05491257,53.37650452,-2.934
50.98450226,55.14703345,53.48334997,-3.043
51.03387298,55.20449726,53.55270867,-3.283
51.08943869,55.26544487,53.61893301,-2.760
51.1576486,55.33762956,53.6894043,-3.020
51.24027211,55.42420958,53.76798094,-3.107
51.31799543,55.5027951,53.83442575,-3.044
51.4074271,55.59839009,53.91609477,-2.890
51.50448788,55.70980193,54.01510801,-2.890
51.60106266,55.82988819,54.12780403,-3.042
51.66054344,55.9248367,54.22213831,-3.022
51.71617271,56.01791355,54.32520488,-3.151
51.77351011,56.10831014,54.43689011,-3.020
51.83550938,56.19400843,54.55337875,-2.826
51.8817163,56.24180127,54.64361977,-3.129
51.94050477,56.29879085,54.73809602,-3.021
52.0151102,56.37771857,54.83969548,-3.086
52.10281837,56.48406132,54.94680995,-2.956
52.17687923,56.6029039,55.03306187,-3.086
52.25659031,56.7406527,55.12212177,-2.999
52.33929325,56.88525189,55.21342863,-3.108
52.42019087,57.02088326,55.30280968,-3.043
52.46327572,57.09374483,55.35846499,-3.131
52.51264515,57.15454745,55.41412284,-3.195
52.57908494,57.21648762,55.47604358,-2.978
52.6672117,57.28975458,55.54705701,-3.022
52.76380601,57.36777681,55.60274882,-2.956
52.87402331,57.4645277,55.67636577,-2.760
52.98678453,57.57564653,55.77223702,-2.847
53.08774455,57.69071289,55.88801298,-3.042
53.1282816,57.76161269,55.99362445,-3.063
53.1551842,57.83158625,56.11055167,-3.130
53.18156997,57.90747863,56.23413898,-2.978
53.21833009,57.99239365,56.35588895,-3.063
53.25869039,58.06789962,56.43984799,-3.043
53.32211953,58.15396628,56.51688859,-3.022
53.40788735,58.24856999,56.59141614,-2.977
53.50820374,58.34495518,56.66573741,-3.064
53.58224402,58.40473637,56.71484148,-3.086
53.66144286,58.46484648,56.7758987,-2.977
53.74637705,58.53134654,56.8562185,-2.955
53.83453804,58.60689943,56.95615301,-2.977
53.90065575,58.66513338,57.04964344,-2.978
53.96944219,58.74085656,57.15565678,-3.021
54.04270073,58.83765479,57.26847171,-3.194
54.11876344,58.95150514,57.37852044,-2.955
54.16912867,59.05337842,57.444528,-3.130
54.22615176,59.15680494,57.50543362,-3.022
54.29480909,59.25379709,57.56888622,-3.087
54.37551444,59.3351876,57.63935268,-2.912
54.44086099,59.35623821,57.69711504,-3.217
54.52034582,59.37234536,57.76925378,-3.043
54.61504576,59.40105301,57.85704154,-3.368
54.72025256,59.45435751,57.95542045,-3.086
54.80673668,59.52459409,58.02956549,-2.934
54.89371485,59.62271129,58.10723096,-3.021
54.97803737,59.73948996,58.18835169,-3.042
55.05471101,59.85912318,58.27007074,-3.151
55.08678553,59.9263112,58.319754,-3.282
55.12034729,59.98511552,58.37654758,-3.194
55.16735224,60.04256689,58.44839601,-3.020
55.23372918,60.10360907,58.53767462,-3.196
55.30895039,60.1521993,58.6210041,-3.280
55.39805809,60.21277484,58.7202044,-3.195
55.49159743,60.2868529,58.83163614,-3.042
55.5776729,60.37014574,58.94654329,-3.108
55.60248987,60.42399724,59.02362221,-3.108
55.62946452,60.48622231,59.09866047,-3.108
55.67788933,60.56078897,59.17598662,-3.281
55.76035887,60.64675575,59.25674,-2.804
55.87721922,60.71625844,59.31704196,-3.216
56.0201292,60.79532823,59.38566225,-3.238
56.1697054,60.88336875,59.46538626,-3.087
56.30201645,60.9753308,59.55390242,-3.043
56.35203243,61.03275661,59.61728239,-2.934
56.37446234,61.09464981,59.69046118,-3.259
56.38540224,61.16621316,59.77672353,-2.999
56.40096322,61.24735796,59.87410236,-3.216
56.42187718,61.31494152,59.95157652,-3.086
56.47072573,61.38742109,60.03741671,-3.194
56.54989419,61.46165972,60.13115175,-3.302
56.6526789,61.53188804,60.22751876,-3.239
56.73656171,61.55183115,60.29374636,-3.217
56.83133857,61.58045229,60.35800839,-3.020
56.9340496,61.63325725,60.42226425,-3.151
57.03828425,61.7174917,60.48600567,-3.129
57.11163318,61.82388593,60.51590807,-3.064
57.18241776,61.94757304,60.55794956,-3.108
57.25320853,62.07040053,60.62268603,-3.021
57.32347086,62.17189958,60.71322445,-3.129
57.36704547,62.18552026,60.80853266,-3.108
57.41462984,62.18249438,60.92122702,-2.868
57.47058053,62.18711325,61.04177387,-3.281
57.53474171,62.21965845,61.15681424,-3.020
57.57638405,62.28585711,61.21394462,-2.847
57.63086989,62.39129359,61.26480977,-3.324
57.7022303,62.52440702,61.32182547,-3.152
57.78847641,62.66468668,61.39312094,-3.021
57.8609418,62.74735662,61.46872235,-3.172
57.9416957,62.81709891,61.56058034,-3.152
58.02751595,62.87882486,61.66230961,-3.368
58.11164693,62.93681159,61.76271535,-3.001
58.15701463,62.97320827,61.80832309,-3.021
58.20119437,63.01888293,61.85463683,-3.282
58.2513941,63.07951703,61.91456722,-3.107
58.31110299,63.15432023,61.99553197,-3.043
58.35844179,63.20904184,62.08552532,-3.064
58.4215689,63.27776961,62.19392599,-3.173
58.5021206,63.36179266,62.31106985,-2.978
58.59577775,63.45708629,62.42239645,-3.152
58.66584627,63.52826534,62.47342559,-3.000
58.74508284,63.60830632,62.51484854,-3.173
58.83459151,63.6993145,62.55846503,-3.108
58.93077774,63.7989002,62.61300888,-3.325
59.00372049,63.87199149,62.66418155,-3.042
59.07869186,63.95511056,62.73678043,-2.956
59.15545429,64.05116962,62.83026542,-3.129
59.23049399,64.15675054,62.93660206,-2.977
59.27115373,64.24149462,63.01297658,-3.021
59.31445026,64.32613598,63.09205316,-2.999
59.36771593,64.40665537,63.17434703,-3.236
59.43392312,64.47670899,63.25770615,-3.324
59.48545846,64.49239824,63.3087082,-3.194
59.55715611,64.50866553,63.36852078,-3.195
59.65155759,64.54074538,63.44509077,-3.193
59.76354894,64.59741491,63.53993612,-3.304
59.86197709,64.6642162,63.62695766,-3.304
59.96189407,64.75553599,63.72795167,-3.304
60.05582133,64.86295195,63.8380501,-3.150
60.13509442,64.97227719,63.94764768,-2.934
60.15533073,65.0276802,64.01104758,-3.303
60.1715853,65.07962917,64.07159104,-3.303
60.20074957,65.13813953,64.13699414,-3.282
60.2538509,65.20958687,64.21100555,-3.345
60.32312495,65.27768487,64.27141359,-3.260
60.41724113,65.36396052,64.3454932,-3.000
60.52634989,65.4659172,64.43352132,-3.304
60.63516347,65.57478602,64.52977446,-3.021
60.68578468,65.64194514,64.59149283,-3.325
60.7321031,65.71209909,64.65934641,-3.303
60.78628431,65.79081802,64.73739251,-3.174
60.85660595,65.878661,64.82436793,-3.476
60.9337207,65.95059412,64.89361156,-3.456
61.02930403,66.02886009,64.96701524,-3.237
61.13668905,66.11063253,65.04238336,-3.152
61.24388179,66.18894999,65.11455056,-3.239
61.29856123,66.21912282,65.13852859,-3.194
61.35055565,66.25022032,65.17080876,-3.196
61.40998114,66.29298783,65.22558682,-3.368
61.48269158,66.35282477,65.30935057,-3.324
61.55307586,66.40808929,65.4077131,-3.413
61.63881733,66.48359676,65.52597569,-3.216
61.73561022,66.57669276,65.65084257,-3.434
61.83379162,66.67846843,65.76547477,-3.435
61.88740945,66.74213518,65.80710553,-3.347
61.93940328,66.80930306,65.84141791,-3.456
61.99749361,66.88489928,65.8873647,-3.172
62.06595583,66.9697397,65.95876509,-3.326
62.12225128,67.03543188,66.05121399,-3.325
62.19702028,67.11369219,66.17209096,-3.238
62.29219988,67.20600223,66.30948225,-3.346
62.40264216,67.30771714,66.44425017,-3.368
62.49078403,67.38014381,66.51248063,-3.412
62.58504279,67.45778603,66.5649628,-3.195
62.68332123,67.54203642,66.61062389,-3.413
62.77989171,67.62983888,66.65652473,-3.281
62.83824961,67.68372922,66.68719729,-3.323
62.89550664,67.74392497,66.7304858,-3.500
62.95781153,67.81542138,66.78919684,-3.368
63.02721736,67.89712978,66.85946337,-3.260
63.07824599,67.95914445,66.89940859,-3.326
63.14197974,68.02711103,66.95095787,-3.434
63.22128691,68.0992426,67.01874,-3.237
63.31358125,68.1701642,67.10196271,-3.173
63.37988913,68.19494145,67.1680935,-3.065
63.4616111,68.22758566,67.24926731,-3.280
63.56301092,68.28075615,67.3456327,-3.455
63.68138844,68.36006673,67.451348,-3.369
63.78795688,68.44513352,67.52721977,-3.455
63.8987385,68.55213427,67.60594604,-3.325
64.00608268,68.67215475,67.68796921,-3.281
64.09977315,68.79083299,67.76969835,-3.348
64.13476991,68.851453,67.8153796,-3.305
64.16041458,68.90575033,67.86331145,-3.151
64.19066255,68.96399414,67.91928012,-3.259
64.23577326,69.03257068,67.98429194,-3.238
64.27697063,69.09322097,68.02695843,-3.150
64.34808579,69.17016522,68.08453138,-3.281
64.45062445,69.26165219,68.16107628,-3.346
64.57612974,69.35948115,68.25432063,-3.412
64.68550485,69.41382382,68.32495147,-3.215
64.79463085,69.47230077,68.41144128,-3.456
64.89408824,69.5415224,68.51500765,-3.521
64.97438428,69.62271349,68.63001601,-3.454
64.98749139,69.68927798,68.72252685,-3.347
64.99667287,69.76615987,68.81327511,-3.433
65.02301517,69.85081348,68.89750322,-3.543
65.08060766,69.93581827,68.96877326,-3.455
65.16421326,69.97471686,68.97992865,-3.543
65.27858743,70.0158953,68.9929937,-3.323
65.40958074,70.06852426,69.02607007,-3.106
65.53675046,70.1364782,69.08948838,-3.346
65.59343603,70.19364953,69.16999262,-3.477
65.63697354,70.26950069,69.27735904,-3.065
65.68063204,70.36278109,69.39892546,-3.456
65.73531066,70.46548175,69.51629987,-3.585
65.79134178,70.5312558,69.56565532,-3.369
65.87028675,70.5999457,69.60467918,-3.499
65.97023253,70.67442908,69.64720314,-3.412
66.08135114,70.75329973,69.70418446,-3.326
66.1547483,70.80360368,69.76128746,-3.715
66.22898368,70.86095235,69.84658717,-3.345
66.30612192,70.92881748,69.95945181,-3.368
66.38504422,71.00518662,70.08988513,-3.629
66.43448133,71.05180921,70.18895392,-3.564
66.49136149,71.10949921,70.28882596,-3.433
66.56102201,71.18247262,70.38646735,-3.522
66.64280928,71.26870329,70.47637558,-3.586
66.70451427,71.33225486,70.51957762,-3.499
66.77696394,71.40652686,70.56152279,-3.433
66.85997111,71.49155712,70.61274636,-3.543
66.94828226,71.58207203,70.67850724,-3.368
67.00176064,71.63614929,70.73111871,-3.522
67.0604001,71.69513547,70.80599173,-3.455
67.12941735,71.76375846,70.90413288,-3.564
67.20906434,71.84139223,71.01844581,-3.368
67.26887919,71.89507107,71.10579919,-3.564
67.34100358,71.9585335,71.19750138,-3.564
67.42642857,72.03319529,71.29152371,-3.239
67.52027394,72.11506042,71.38267439,-3.564
67.58276652,72.16125756,71.42916549,-3.390
67.65057104,72.2173025,71.47935205,-3.498
67.72605528,72.28933066,71.5433144,-3.389
67.80673824,72.37701287,71.6247184,-3.651
67.85843316,72.44881013,71.69682607,-3.455
67.91549874,72.53243647,71.78599185,-3.585
67.980606,72.62540863,71.88843026,-3.412
68.05150706,72.72056425,71.99433285,-3.172
68.09275469,72.77101555,72.05467658,-3.370
68.14226818,72.82677778,72.11437485,-3.521
68.20465249,72.89762499,72.18036322,-3.520
68.27928712,72.98760053,72.25577898,-3.369
68.33133857,73.06835707,72.30863645,-3.782
68.3989577,73.17127613,72.38174412,-3.519
68.48542842,73.29432298,72.479947,-3.609
68.58749218,73.42772274,72.59885728,-3.499
68.66900248,73.52290215,72.70240408,-3.499
68.76018452,73.61597035,72.80942159,-3.628
68.85940664,73.70661474,72.91103085,-3.303
68.96033581,73.79112912,72.99643448,-3.522
69.0213998,73.83182569,73.01371256,-3.543
69.08322811,73.87156626,73.02556546,-3.543
69.15114143,73.91820548,73.05166939,-3.542
69.22553872,73.9741775,73.1061324,-3.737
69.27581705,74.00727129,73.17322271,-3.672
69.33486319,74.05647795,73.28070195,-3.803
69.4042584,74.12539998,73.42371416,-3.694
69.47999938,74.21074142,73.58654433,-3.759
69.52223067,74.26946013,73.712031,-3.671
69.57147937,74.34347509,73.8304452,-3.651
69.63271959,74.43515628,73.93606856,-3.629
69.70580458,74.54023954,74.02242278,-3.455
69.75693054,74.61957115,74.04890935,-3.585
69.82318164,74.70522168,74.0670445,-3.456
69.90726888,74.79541152,74.09168715,-3.631
70.00534017,74.88355318,74.1320801,-3.346
70.07986107,74.92761332,74.16575019,-3.543
70.16268204,74.96901134,74.22578713,-3.542
70.25312208,75.01428666,74.31213356,-3.803
70.34600631,75.0661428,74.41636505,-3.541
70.39954103,75.08909443,74.48569285,-3.499
70.45752797,75.13341151,74.56540752,-3.737
70.5264343,75.20834004,74.65797569,-3.605
70.60679939,75.31389384,74.76025012,-3.455
70.66936116,75.41472693,74.83937314,-3.628
70.74137115,75.53586589,74.9218491,-3.477
70.82096479,75.66904754,75.00560733,-3.695
70.90155008,75.80053854,75.08497701,-3.476
70.93596074,75.87650754,75.11282043,-3.716
70.97560019,75.94330265,75.14587948,-3.674
71.03048218,76.00851595,75.19760666,-3.737
71.10427146,76.07668603,75.2743708,-3.673
71.17260614,76.1184882,75.35035735,-3.499
71.2576409,76.17722003,75.45227702,-3.391
71.35403856,76.2591706,75.57441697,-3.564
71.45102351,76.36160611,75.70343054,-3.650
71.49544422,76.44382155,75.78370691,-3.518
71.53909618,76.53698843,75.85851585,-3.478
71.59161965,76.63661389,75.93142308,-3.715
71.65753917,76.73339431,76.00303969,-3.889
71.7137422,76.77905766,76.041079,-3.804
71.78548216,76.82107559,76.08770869,-3.694
71.86990342,76.86826846,76.15011448,-3.693
71.95805517,76.92513402,76.22852431,-3.868
72.00046383,76.95996805,76.28490725,-3.782
72.04423385,77.01628915,76.35877657,-3.565
72.09685055,77.09882417,76.45150685,-3.629
72.16131619,77.20302972,76.55764776,-3.761
72.20821418,77.28798982,76.63325357,-3.739
72.27381432,77.3811108,76.71756769,-3.717
72.36031403,77.47663417,76.81223937,-3.868
72.46223906,77.56543602,76.91367533,-3.737
72.53853644,77.59527176,76.98092082,-3.693
72.62076729,77.62559447,77.05566347,-3.760
72.70700506,77.67103268,77.14169474,-3.868
72.79149646,77.73955417,77.2364699,-3.803
72.8294313,77.80965275,77.30071443,-3.696
72.87085469,77.90459742,77.37169377,-3.585
72.92519517,78.01799757,77.45036665,-3.780
72.99503996,78.13637214,77.53204749,-3.695
73.05532553,78.19809669,77.57362817,-3.435
73.12624193,78.2592694,77.61898,-3.413
73.20181814,78.32894635,77.67380004,-3.628
73.27196125,78.41105186,77.73849541,-3.912
73.28033386,78.47987611,77.77644013,-3.933
73.2908725,78.56310701,77.83049819,-3.629
73.31972283,78.6581893,77.9055704,-3.694
73.37592882,78.75618649,77.99942777,-3.630
73.44391605,78.80406053,78.06965061,-3.824
73.53630441,78.85385154,78.15724239,-3.933
73.64170439,78.91414728,78.26313846,-3.911
73.74267346,78.98828544,78.3812661,-3.780
73.77541297,79.04425377,78.46939142,-3.782
73.79753622,79.12051407,78.56101198,-3.847
73.82186133,79.21866958,78.655144,-3.847
73.85800867,79.33214752,78.74684457,-3.565
73.88745624,79.41357758,78.78972162,-3.738
73.94242868,79.50123272,78.83780319,-3.914
74.02377699,79.59443713,78.90189742,-3.802
74.12303315,79.68769949,78.98544567,-3.586
74.19142073,79.73751362,79.05782381,-3.781
74.26367226,79.78861924,79.1481094,-3.672
74.33742083,79.84744639,79.25186396,-3.825
74.40692102,79.91496019,79.35819387,-3.651
74.42992817,79.95324599,79.41373122,-3.958
74.45361905,80.00699479,79.46743974,-3.827
74.48740358,80.08076855,79.52725616,-3.823
74.53485372,80.17122603,79.59727336,-3.717
74.56684896,80.23714968,79.64265068,-3.909
74.61622705,80.31349246,79.7126168,-3.869
74.68267932,80.39906379,79.81393304,-3.651
74.75914699,80.48791641,79.94278817,-3.694
74.7975736,80.53017975,80.06078987,-3.803
74.84290459,80.58145653,80.18662982,-3.977
74.89989495,80.65190871,80.30879229,-3.890
74.96798377,80.7439958,80.41327541,-3.868
75.01337117,80.82768698,80.43757695,-3.976
75.07059768,80.92735934,80.45369964,-3.935
75.14061344,81.03613226,80.48291477,-3.780
75.21832818,81.141636,80.53971582,-3.760
75.2588332,81.1843626,80.61268994,-3.866
75.30626193,81.22416297,80.71806112,-3.825
75.3649156,81.27380214,80.84551355,-3.935
75.43296039,81.34056492,80.9766689,-3.781
75.47569876,81.39814842,81.03892596,-3.695
75.5247019,81.4802542,81.0966896,-3.629
75.57954695,81.58523785,81.16206619,-3.826
75.63523349,81.70257148,81.24257874,-3.933
75.64550497,81.77890863,81.31872877,-3.867
75.66330837,81.85482212,81.4150221,-3.956
75.69910183,81.9312513,81.52765904,-3.761
75.75639158,82.0061174,81.64574132,-3.955
75.80620826,82.03550735,81.70765724,-3.888
75.87632453,82.07698591,81.77395078,-3.868
75.96228929,82.14310949,81.85470144,-4.044
76.05309667,82.2373599,81.95324873,-3.868
76.09587828,82.32930911,82.04331033,-3.543
76.13716839,82.44176645,82.14734908,-3.825
76.18296256,82.56555092,82.25914913,-3.803
76.23511297,82.68590373,82.3674028,-3.737
76.26199559,82.73833563,82.4101815,-3.717
76.30247816,82.78659725,82.45515302,-3.804
76.3602518,82.84476672,82.51823193,-3.890
76.43161871,82.92134472,82.60802187,-3.869
76.47354066,82.9936868,82.70247916,-3.846
76.52519029,83.09032575,82.82317149,-3.935
76.58737784,83.20720289,82.96088274,-3.974
76.65528243,83.33186719,83.09870799,-4.088
76.68842039,83.40413738,83.17051313,-3.716
76.72557888,83.4749565,83.23205326,-3.825
76.77049553,83.54983204,83.29225069,-3.933
76.82236205,83.63006972,83.35670649,-3.737
76.83908751,83.68037061,83.39760484,-3.737
76.87252603,83.74464925,83.45634996,-3.846
76.93088425,83.82831047,83.53815825,-4.153
77.01332033,83.92888049,83.63962688,-3.869
77.08833109,84.00064418,83.7117747,-3.934
77.17321618,84.08734598,83.80080815,-3.955
77.25790614,84.18996742,83.90821239,-3.974
77.32937818,84.30239916,84.02834665,-4.130
77.32639052,84.37812868,84.11649984,-3.889
77.31960367,84.45794838,84.21060105,-4.216
77.32933833,84.54347146,84.31076684,-3.695
77.36892036,84.63138273,84.41221425,-3.999
77.42708242,84.67734572,84.46793909,-4.129
77.51670561,84.73172481,84.52993551,-3.714
77.625858,84.80288962,84.60692154,-3.825
77.73513768,84.89236049,84.70064788,-3.977
77.77341043,84.95902663,84.77237357,-3.931
77.80259903,85.04874759,84.86337376,-4.063
77.83492172,85.16364859,84.97380439,-4.066
77.87885165,85.296821,85.09556168,-3.998
77.91603608,85.40203347,85.178922,-3.954
77.97360999,85.51151395,85.26338403,-3.782
78.04968093,85.62124046,85.34926808,-3.867
78.13441271,85.72379754,85.43307963,-4.130
78.17297962,85.76494972,85.4681415,-4.085
78.21369837,85.80980695,85.51226941,-3.933
78.26170565,85.87406684,85.57785622,-3.738
78.31752584,85.96508063,85.66917297,-3.956
78.34652473,86.05508304,85.75153769,-3.738
78.38895067,86.17025195,85.85973135,-4.087
78.44853591,86.30194342,85.98964061,-4.108
78.5217773,86.43359438,86.12901934,-3.826
78.56616569,86.50046074,86.22014892,-3.870
78.62055963,86.55600811,86.30975314,-3.781
78.68570938,86.60846927,86.40147697,-4.044
78.75674627,86.66355241,86.49519345,-3.998
78.78995434,86.68831204,86.54980872,-3.802
78.82925129,86.73649265,86.61797338,-3.954
78.87964854,86.81880748,86.70862838,-3.911
78.9403643,86.9351449,86.82169587,-4.129
78.97262777,87.04236525,86.91699384,-3.868
79.01791766,87.17325696,87.02840285,-3.997
79.07904676,87.31976599,87.15127074,-4.195
79.15170824,87.46699981,87.2747599,-4.041
79.19294833,87.55355155,87.34057941,-4.128
79.24099195,87.6308957,87.40560433,-4.085
79.29644531,87.70561017,87.47950865,-4.195
79.35465427,87.78032923,87.56613016,-4.041
79.37129136,87.82112688,87.63123219,-4.020
79.39296965,87.87270741,87.7150551,-3.933
79.42619713,87.94121849,87.81839626,-3.977
79.47133923,88.02502947,87.93352846,-3.957
79.49260867,88.07444804,88.00783276,-4.108
79.52785117,88.14317554,88.08635151,-4.021
79.5786938,88.23647601,88.17135356,-4.127
79.64043702,88.35100666,88.26043039,-4.019
79.66618267,88.44372094,88.30689968,-4.215
79.70394302,88.54888735,88.36697492,-3.975
79.75934378,88.66306704,88.45052204,-4.086
79.83127529,88.77780938,88.55872252,-3.911
79.88154266,88.84004331,88.65330626,-4.195
79.94583254,88.90632089,88.76773215,-4.195
80.02288566,88.98797413,88.89711379,-4.214
80.10490171,89.0901594,89.02984684,-4.302
80.14438829,89.17367509,89.10742351,-4.066
80.18333052,89.28733591,89.18400181,-4.391
80.22523364,89.43225306,89.26767222,-4.216
80.26927711,89.59707039,89.36131684,-4.107
80.27550188,89.73092326,89.42666977,-3.954
80.29293614,89.85141847,89.51044007,-4.086
80.32964709,89.94283857,89.61542176,-3.933
80.38590848,89.98854633,89.73400045,-4.282
80.42431395,89.92274641,89.81537397,-4.106
80.47944085,89.82290054,89.89180384,-4.326
80.54899369,89.71470529,89.95557754,-4.214
80.6243371,89.61804785,89.99457205,-4.108
80.65312452,89.52183997,89.95247856,-3.977
80.68501487,89.45611005,89.88564502,-4.042
80.72629149,89.41701394,89.80621459,-4.280
80.77744386,89.38948244,89.72187173,-4.172
80.80612484,89.30389239,89.60084492,-4.107
80.84469894,89.21590282,89.49303446,-4.064
80.89298369,89.13060184,89.40593956,-4.018
80.9454942,89.04931164,89.33708227,-4.019
80.94987797,88.93532589,89.2405392,-4.236
80.96626642,88.83577131,89.15619363,-3.803
81.00632184,88.75708464,89.08311077,-4.150
81.07335217,88.69698345,89.01531516,-3.932
81.1387051,88.61021172,88.89771489,-4.237
81.22337083,88.53707812,88.79442938,-4.000
81.31788905,88.4762135,88.71825882,-4.194
81.4072087,88.42003603,88.67287079,-4.129
81.42789048,88.3170019,88.62764446,-4.302
81.44107373,88.2185893,88.60425259,-4.129
81.45984786,88.1326854,88.59177874,-4.322
81.49229147,88.06175233,88.57343211,-4.131
81.51580789,87.96503186,88.47933779,-4.281
81.56065727,87.89429911,88.37801764,-4.108
81.62476637,87.85549553,88.28515681,-4.302
81.69789561,87.844356,88.21111507,-4.413
81.72290726,87.81346205,88.13284894,-4.108
81.75040322,87.79644824,88.08411201,-4.390
81.78581028,87.78611852,88.06293421,-4.305
81.82956242,87.76949455,88.05775563,-4.281
81.84588342,87.69060967,88.00695787,-4.280
81.875121,87.59921907,87.96157354,-4.213
81.92024096,87.50341576,87.92507974,-4.433
81.97695242,87.408072,87.89613972,-4.456
82.00046469,87.27732955,87.83160334,-4.325
82.03239395,87.16746162,87.7809664,-4.283
82.07482223,87.09013563,87.74972521,-4.171
