dv (ml),p1 (kpa),p2 (kpa),p3(kpa)
0,-0.260649777,-0.328767349,-0.520313733
0.004444444,0.130324889,-0.130522252,-0.5233344
0.008888889,-0.260649777,-0.460598008,-0.455808917
0.013333333,0.258750274,-0.068117572,-0.5233344
0.017777778,0.130324889,-0.198442461,-0.653659289
0.022222222,0.001640319,-0.005901332,-0.002034846
0.026666667,-0.260649777,-0.460598008,-0.066213241
0.031111111,0.452994138,-0.005901332,-0.52182559
0.035555556,-0.262024304,-0.522089007,-0.132359734
0.04,0.130324889,-0.198442461,-0.5233344
0.044444444,-0.128816079,-0.327127031,-0.460527858
0.048888889,-0.130324889,-0.330404364,-0.458958048
0.053333333,-0.062799406,-0.134197419,-0.455808917
0.057777778,0.262553114,-0.198442461,-0.394646526
0.062222222,-0.260649777,-0.198442461,0.258614931
0.066666667,0.262553114,-0.198442461,-0.002034846
0.071111111,0.390974666,-0.588039826,-0.004065593
0.075555556,0,-0.198442461,-0.586331169
0.08,0,-0.198442461,-0.132359734
0.084444444,0.062609774,-0.070017075,-0.330399737
0.088888889,0.066015051,0.062207316,-0.004065593
0.093333333,0.19456993,0.062207316,-0.394646526
0.097777778,-0.130324889,-0.460598008,-0.393009511
0.102222222,0.130324889,-0.070017075,-0.194764414
0.106666667,0.521299554,-0.198442461,-0.586331169
0.111111111,0.130324889,-0.330404364,-0.194764414
0.115555556,-0.062799406,-0.391566755,-0.5233344
0.12,0.393009511,-0.330404364,-0.194764414
0.124444444,0.001640319,-0.328767349,-0.783984177
0.128888889,0.322866017,-0.330404364,-0.326994461
0.133333333,0.390974666,-0.194895226,0.128290043
0.137777778,-0.260649777,0.062207316,-0.064242162
0.142222222,-0.131830659,0.058149908,-0.52182559
0.146666667,0.062609774,-0.262752299,-0.391369193
0.151111111,-0.389728874,-0.459092238,-0.262684623
0.155555556,0,-0.070017075,-0.586331169
0.16,0.262553114,-0.330404364,-0.194764414
0.164444444,0.258750274,-0.459092238,-0.134259237
0.168888889,-0.130324889,-0.460598008,-0.002034846
0.173333333,-0.001637015,-0.393142909,-0.457385071
0.177777778,0.390974666,-0.266157575,-0.653659289
0.182222222,0,-0.134197419,-0.718166291
0.186666667,0.258750274,-0.328767349,-0.325286666
0.191111111,-0.064375559,-0.522089007,-0.264452882
0.195555556,0,-0.328767349,-0.134259237
0.2,0.067722846,-0.066214235,-0.070143494
0.204444444,0.326796271,-0.20021072,-0.393009511
0.208888889,-0.390974666,-0.198442461,-0.262684623
0.213333333,-0.064375559,-0.396285696,-0.264452882
0.217777778,0.066015051,0.062207316,-0.52182559
0.222222222,0.260649777,-0.393142909,-0.194764414
0.226666667,0.003283951,-0.459092238,-0.716853421
0.231111111,-0.130324889,-0.590791653,-0.262684623
0.235555556,0.132096716,-0.261044503,-0.264452882
0.24,0.262553114,-0.328767349,-0.455808917
0.244444444,0.459289601,-0.266157575,-0.394646526
0.248888889,0.258750274,-0.523533518,-0.264452882
0.253333333,0.001640319,-0.20021072,-0.136154919
0.257777778,-0.193321658,-0.328767349,-0.460527858
0.262222222,0.130324889,-0.459092238,-0.264452882
0.266666667,0.130324889,-0.718496224,-0.655033815
0.271111111,0.386917257,-0.393142909,-0.586331169
0.275555556,0.130324889,-0.459092238,-0.718166291
0.28,0.521299554,-0.132361689,-0.524840171
0.284444444,0.262553114,-0.328767349,-0.5233344
0.288888889,0.192737896,-0.396285696,-0.325286666
0.293333333,0.130324889,-0.589417126,-0.264452882
0.297777778,0.130324889,-0.459092238,-0.458958048
0.302222222,-0.131830659,-0.198442461,-0.002034846
0.306666667,-0.130324889,-0.588039826,-0.325286666
0.311111111,-0.260649777,-0.459092238,-0.586331169
0.315555556,-0.193321658,-0.589417126,-0.59065598
0.32,-0.262024304,-0.20021072,-0.132359734
0.324444444,-0.130324889,-0.198442461,-0.393009511
0.328888889,-0.194766169,-0.393142909,-0.325286666
0.333333333,-0.130324889,-0.589417126,-0.914309066
0.337777778,0.12855663,-0.198442461,-0.5233344
0.342222222,0.064310697,-0.523533518,-0.716853421
0.346666667,-0.067518347,-0.266157575,-0.5233344
0.351111111,-0.193321658,-0.586659743,-0.5233344
0.355555556,-0.259272477,-0.136029454,-0.5233344
0.36,0.260649777,-0.261044503,-0.653659289
0.364444444,-0.001637015,-0.393142909,-0.847375673
0.368888889,-0.130324889,-0.524975119,-0.393009511
0.373333333,0.256854593,-0.266157575,-0.716853421
0.377777778,0.064310697,-0.001971079,-0.785227459
0.382222222,-0.130324889,-0.522089007,-0.783984177
0.386666667,-0.193321658,-0.330404364,-0.260912795
0.391111111,0,-0.068117572,-0.264452882
0.395555556,-0.067518347,-0.459092238,-0.653659289
0.4,-0.194766169,-0.586659743,-0.455808917
0.404444444,-0.260649777,-0.588039826,-0.586331169
0.408888889,0.064310697,-0.20021072,-0.330399737
0.413333333,-0.130324889,-0.391566755,0.06628009
0.417777778,-0.323843909,-0.327127031,-0.262684623
0.422222222,0.390974666,-0.327127031,-0.653659289
0.426666667,-0.390974666,-0.589417126,-0.393009511
0.431111111,0.067722846,-0.459092238,-0.393009511
0.435555556,0.262553114,-0.132361689,-0.260912795
0.44,-0.067518347,-0.459092238,-0.393009511
0.444444444,0,-0.78313351,-0.132359734
0.448888889,-0.260649777,-0.068117572,-0.524840171
0.453333333,-0.392217948,-0.784314738,-0.524840171
0.457777778,0.064310697,-0.459092238,-0.524840171
0.462222222,0.001640319,-0.590791653,-0.326994461
0.466666667,-0.197646468,-0.328767349,0.126128051
0.471111111,-0.323843909,-0.456071571,-0.848556901
0.475555556,0,-0.266157575,-0.719476515
0.48,-0.260649777,-0.261044503,-0.132359734
0.484444444,-0.390974666,-0.522089007,-0.325286666
0.488888889,-0.130324889,-0.261044503,-0.393009511
0.493333333,-0.130324889,-0.850066903,-0.134259237
0.497777778,0,-0.396285696,-0.652281988
0.502222222,-0.130324889,-0.459092238,-0.524840171
0.506666667,-0.521299554,-0.719742015,-0.070143494
0.511111111,-0.128816079,-0.78313351,-0.200271616
0.515555556,-0.130324889,-0.132361689,-0.200271616
0.52,-0.323843909,-0.720985297,-0.524840171
0.524444444,-0.130324889,-0.327127031,-0.394646526
0.528888889,0.132096716,-0.068117572,-0.586331169
0.533333333,-0.521299554,-0.588039826,-0.260912795
0.537777778,-0.062799406,-0.198442461,-0.066213241
0.542222222,-0.323843909,-0.330404364,-0.262684623
0.546666667,0.196405661,-0.524975119,-0.5233344
0.551111111,-0.262024304,-0.652611259,-0.718166291
0.555555556,-0.062799406,-0.457583428,-0.5233344
0.56,0,-0.391566755,-0.134259237
0.564444444,0.132096716,-0.588039826,-0.914309066
0.568888889,0.260649777,-0.459092238,-0.328698814
0.573333333,-0.130324889,-0.456071571,-0.783984177
0.577777778,-0.520185272,-0.330404364,-0.914309066
0.582222222,-0.32777459,-0.851178941,-0.785227459
0.586666667,-0.392217948,-0.330404364,-0.326994461
0.591111111,-0.521299554,-0.460598008,-0.785227459
0.595555556,0.001640319,-0.198442461,-0.396280247
0.6,0.260649777,-0.459092238,-0.330399737
0.604444444,-0.065948536,-0.850066903,-0.781490078
0.608888889,0.001640319,-0.523533518,-0.5233344
0.613333333,0.001640319,-0.330404364,-0.52182559
0.617777778,-0.197646468,-0.328767349,-0.781490078
0.622222222,0.130324889,-0.522089007,-0.5233344
0.626666667,-0.062799406,-0.328767349,-0.655033815
0.631111111,-0.130324889,-0.330404364,-0.716853421
0.635555556,-0.067518347,-0.652611259,-0.391369193
0.64,-0.193321658,-0.198442461,-0.394646526
0.644444444,0.130324889,-0.20021072,-0.653659289
0.648888889,-0.259272477,-0.396285696,-0.915421104
0.653333333,-0.062799406,-0.20021072,-0.262684623
0.657777778,0.12855663,-0.784314738,-0.914309066
0.662222222,-0.32777459,-0.914705348,-0.5233344
0.666666667,-0.521299554,-0.524975119,-0.262684623
0.671111111,-0.260649777,-0.460598008,-0.650901905
0.675555556,0.130324889,-0.589417126,-0.524840171
0.68,-0.521299554,-0.980391792,-0.586331169
0.684444444,-0.193321658,-0.459092238,-0.847375673
0.688888889,0,-0.980391792,-0.914309066
0.693333333,-0.260649777,-0.656541939,-0.5233344
0.697777778,-0.131830659,-0.589417126,-0.5233344
0.702222222,-0.389728874,-0.913655762,-0.262684623
0.706666667,0,-0.460598008,-0.330399737
0.711111111,-0.193321658,-0.459092238,-0.393009511
0.715555556,-0.260649777,-0.914705348,-0.262684623
0.72,-0.130324889,-0.457583428,-0.5233344
0.724444444,-0.260649777,-0.588039826,-0.718166291
0.728888889,-0.194766169,-0.523533518,-0.330399737
0.733333333,-0.454366161,-0.720985297,-0.586331169
0.737777778,-0.260649777,-0.719742015,-0.847375673
0.742222222,-0.521299554,-0.850066903,-0.262684623
0.746666667,-0.260649777,-0.522089007,-0.52182559
0.751111111,0.130324889,-0.847836088,-0.391369193
0.755555556,-0.064375559,-0.394715886,-0.979994981
0.76,-0.522411592,-0.330404364,-0.524840171
0.764444444,-0.260649777,-0.328767349,-0.782738386
0.768888889,-0.32777459,-0.785493586,-0.716853421
0.773333333,-0.001637015,-0.589417126,-0.783984177
0.777777778,-0.389728874,-0.396285696,-0.393009511
0.782222222,-0.392217948,-0.589417126,-0.5233344
0.786666667,-0.131830659,-0.459092238,-0.913194783
0.791111111,-0.32777459,-0.78313351,-0.720784101
0.795555556,-0.128816079,-0.459092238,-0.524840171
0.8,-0.392217948,-0.718496224,-0.653659289
0.804444444,0.130324889,-0.522089007,-0.262684623
0.808888889,-0.259272477,-0.330404364,-0.586331169
0.813333333,-0.001637015,-0.980391792,-0.262684623
0.817777778,-0.19620777,-0.78667006,-0.716853421
0.822222222,-0.392217948,-0.459092238,-0.653659289
0.826666667,0,-1.044178014,-0.458958048
0.831111111,-0.262024304,-0.589417126,-0.391369193
0.835555556,-0.131830659,-0.980391792,-0.194764414
0.84,-0.781949331,-0.913655762,-0.132359734
0.844444444,-0.782798881,-0.589417126,-0.783984177
0.848888889,-0.521299554,-0.457583428,-0.586331169
0.853333333,-0.326467003,-0.913655762,-0.653659289
0.857777778,-0.19620777,-0.719742015,-0.262684623
0.862222222,-0.260649777,-0.916798182,-0.718166291
0.866666667,-0.457902711,-0.850066903,-0.720784101
0.871111111,-0.390974666,-0.718496224,-0.59065598
0.875555556,-0.390974666,-0.851178941,-0.52182559
0.88,-0.064375559,-0.328767349,-0.718166291
0.884444444,-0.390974666,-1.241041569,-0.524840171
0.888888889,-0.260649777,-0.720985297,-0.847375673
0.893333333,-0.390974666,-0.981372586,-1.044633954
0.897777778,-0.260649777,-0.328767349,-0.653659289
0.902222222,-0.651624443,-1.110716681,-0.653659289
0.906666667,0,-0.522089007,-0.393009511
0.911111111,-0.65064167,-0.848952621,-0.652281988
0.915555556,-0.130324889,-0.915752819,-0.716853421
0.92,-0.455547389,-0.589417126,-0.652281988
0.924444444,-0.193321658,-0.784314738,-0.914309066
0.928888889,-0.520185272,-1.109865416,-0.52182559
0.933333333,-0.781098067,-1.305222517,-0.977897924
0.937777778,-0.715410665,-0.720985297,-0.849735748
0.942222222,-0.457902711,-0.915752819,-0.977897924
0.946666667,-0.718158954,-0.719742015,-0.653659289
0.951111111,-0.128816079,-0.981372586,-0.457385071
0.955555556,-0.130324889,-0.459092238,-0.915421104
0.96,-0.390974666,-0.652611259,-0.913194783
0.964444444,-0.128816079,-0.848952621,-0.655033815
0.968888889,0,-0.914705348,-0.915421104
0.973333333,-0.454366161,-1.046012053,-0.850912223
0.977777778,-0.454366161,-0.720985297,-0.913194783
0.982222222,-0.651624443,-0.78667006,-0.655033815
0.986666667,-0.326467003,-0.719742015,-0.652281988
0.991111111,-0.392217948,-0.719742015,-1.174958843
0.995555556,-0.130324889,-0.719742015,-0.914309066
1,-0.064375559,-0.980391792,-0.785227459
1.004444444,-0.259272477,-1.241041569,-0.5233344
1.008888889,-0.323843909,-0.784314738,-1.108420176
1.013333333,-0.91227422,-0.459092238,-1.175808392
1.017777778,-0.454366161,-0.719742015,-0.52182559
1.022222222,-0.652605237,-0.850066903,-1.108420176
1.026666667,-0.522411592,-0.981372586,-0.97894751
1.031111111,-0.781949331,-0.980391792,-0.52182559
1.035555556,-0.781949331,-0.719742015,-0.655033815
1.04,-0.781098067,-0.851178941,-0.785227459
1.044444444,-0.457902711,-0.652611259,-0.655033815
1.048888889,-0.652605237,-0.850066903,-1.10933812
1.053333333,-0.262024304,-1.110716681,-0.915421104
1.057777778,-0.65064167,-0.588039826,-0.915421104
1.062222222,-0.130324889,-0.980391792,-0.393009511
1.066666667,-0.194766169,-1.044178014,-0.782738386
1.071111111,-0.781949331,-0.851178941,-1.044633954
1.075555556,-0.521299554,-0.653924128,-0.981040344
1.08,-0.1333334,-0.981372586,-0.716853421
1.084444444,-0.130324889,-0.459092238,-0.524840171
1.088888889,-0.32777459,-0.652611259,-0.5233344
1.093333333,-0.715410665,-0.526413818,-0.78646824
1.097777778,-0.651624443,-0.850066903,-0.783984177
1.102222222,-0.197646468,-1.046012053,-1.043651181
1.106666667,-0.715410665,-0.850066903,-1.045614748
1.111111111,-0.128816079,-0.459092238,-0.849735748
1.115555556,-0.522411592,-0.850066903,-1.043651181
1.12,-0.651624443,-0.588039826,-0.914309066
1.124444444,-0.584888413,-0.851178941,-0.720784101
1.128888889,-0.782798881,-0.526413818,-0.914309066
1.133333333,-1.172923997,-1.110716681,-0.785227459
1.137777778,-0.781098067,-0.652611259,-0.981040344
1.142222222,-0.520185272,-0.652611259,-0.914309066
1.146666667,-0.521299554,-0.980391792,-0.914309066
1.151111111,-0.91227422,-0.915752819,-1.108420176
1.155555556,-0.977109829,-0.981372586,-0.914309066
1.16,-0.521299554,-0.656541939,-1.043651181
1.164444444,-0.260649777,-0.718496224,-0.850912223
1.168888889,-0.457902711,-0.78313351,-0.5233344
1.173333333,-0.65064167,-0.720985297,-1.174958843
1.177777778,-0.584888413,-1.044178014,-0.782738386
1.182222222,-0.521299554,-0.914705348,-0.785227459
1.186666667,-0.781949331,-0.980391792,-1.174958843
1.191111111,-0.91227422,-1.174700266,-1.174958843
1.195555556,-0.325156779,-0.589417126,-0.5233344
1.2,-0.260649777,-1.044178014,-0.652281988
1.204444444,-0.91227422,-0.524975119,-1.111168465
1.208888889,-0.522411592,-0.850066903,-0.915421104
1.213333333,-0.259272477,-1.044178014,-0.719476515
1.217777778,-0.715410665,-1.305877178,-1.174958843
1.222222222,-0.781098067,-1.436267788,-1.10933812
1.226666667,-0.585937999,-0.718496224,-0.653659289
1.231111111,-0.651624443,-1.11156623,-1.044633954
1.235555556,-0.260649777,-1.241041569,-0.914309066
1.24,-0.651624443,-1.044178014,-1.044633954
1.244444444,-0.912992525,-1.241041569,-0.914309066
1.248888889,-0.781098067,-0.589417126,-1.174958843
1.253333333,-0.457902711,-0.850066903,-0.914309066
1.257777778,-0.389728874,-1.30653052,-0.458958048
1.262222222,-0.651624443,-1.045095958,-0.848556901
1.266666667,-0.651624443,-0.850066903,-0.914309066
1.271111111,-0.651624443,-0.850066903,-0.914309066
1.275555556,-0.846719219,-1.109865416,-1.238942428
1.28,-0.58698547,-0.980391792,-0.783984177
1.284444444,-0.522411592,-0.850066903,-1.044633954
1.288888889,-0.781098067,-0.850066903,-0.850912223
1.293333333,-0.390974666,-0.850066903,-1.306002037
1.297777778,-0.260649777,-0.851178941,-1.108420176
1.302222222,-0.781098067,-0.850066903,-1.044633954
1.306666667,-0.651624443,-1.241759875,-0.653659289
1.311111111,-0.91227422,-0.719742015,-0.652281988
1.315555556,-0.978415197,-1.110716681,-1.174958843
1.32,-0.651624443,-0.981372586,-1.174107579
1.324444444,-0.716328609,-0.980391792,-1.045614748
1.328888889,-1.042599108,-0.851178941,-1.044633954
1.333333333,-0.781098067,-1.436267788,-1.305283731
1.337777778,-0.651624443,-0.589417126,-1.044633954
1.342222222,-0.978415197,-1.044178014,-0.915421104
1.346666667,-0.130324889,-0.589417126,-1.175808392
1.351111111,-0.718158954,-0.850066903,-0.914309066
1.355555556,-0.651624443,-1.175486568,-0.849735748
1.36,-1.042599108,-1.110716681,-1.238942428
1.364444444,-0.520185272,-1.435744769,-0.914309066
1.368888889,-0.520185272,-1.371953519,-1.10933812
1.373333333,-0.91227422,-1.044178014,-0.653659289
1.377777778,-1.10697742,-1.240321814,-0.914309066
1.382222222,-0.521299554,-0.653924128,-1.174958843
1.386666667,-0.976455168,-0.848952621,-0.914309066
1.391111111,-0.717244703,-1.371953519,-1.044633954
1.395555556,-0.715410665,-0.851178941,-0.915421104
1.4,-0.91227422,-1.109865416,-1.174958843
1.404444444,-1.04318617,-0.589417126,-0.847375673
1.408888889,-0.978415197,-1.045095958,-0.653659289
1.413333333,-0.781949331,-1.175486568,-1.175808392
1.417777778,-0.585937999,-0.719742015,-1.565933508
1.422222222,-1.04318617,-1.241041569,-1.238942428
1.426666667,-0.978415197,-1.175486568,-1.306002037
1.431111111,-1.042599108,-1.11156623,-1.044633954
1.435555556,-0.588030832,-0.851178941,-0.914309066
1.44,-1.237891049,-1.110716681,-0.783984177
1.444444444,-0.715410665,-0.916798182,-1.43560862
1.448888889,-0.782798881,-0.981372586,-0.783984177
1.453333333,-0.782798881,-0.850066903,-1.174107579
1.457777778,-0.91227422,-1.241041569,-0.783984177
1.462222222,-1.237891049,-0.850066903,-1.044633954
1.466666667,-1.172923997,-1.110716681,-1.044633954
1.471111111,-0.65064167,-0.913655762,-0.915421104
1.475555556,-1.237891049,-1.110716681,-1.044633954
1.48,-0.912992525,-1.045095958,-0.91207825
1.484444444,-0.521299554,-1.110716681,-0.458958048
1.488888889,-1.042599108,-0.850066903,-1.044633954
1.493333333,-1.10697742,-1.044178014,-0.653659289
1.497777778,-0.978415197,-1.305877178,-1.045614748
1.502222222,-0.845932916,-0.850066903,-1.045614748
1.506666667,-0.976455168,-1.241759875,-1.175808392
1.511111111,-1.042599108,-1.241759875,-0.59065598
1.515555556,-0.91227422,-1.241041569,-1.10933812
1.52,-1.042599108,-1.241041569,-0.718166291
1.524444444,-0.652605237,-0.850066903,-1.10933812
1.528888889,-1.172923997,-1.370778212,-1.306002037
1.533333333,-1.172923997,-0.850066903,-1.043651181
1.537777778,-0.912992525,-1.109865416,-0.977897924
1.542222222,-1.04318617,-0.916798182,-1.10933812
1.546666667,-0.521299554,-1.241041569,-1.174958843
1.551111111,-0.91227422,-1.046926303,-0.97894751
1.555555556,-1.042010862,-0.850066903,-0.5233344
1.56,-1.237499672,-1.371953519,-1.175808392
1.564444444,-1.172923997,-0.980391792,-0.783984177
1.568888889,-0.651624443,-1.110716681,-0.915421104
1.573333333,-1.303248886,-1.241041569,-0.847375673
1.577777778,-0.584888413,-1.110716681,-1.044633954
1.582222222,-0.521299554,-1.697049008,-0.783984177
1.586666667,-0.847503937,-1.110716681,-0.783984177
1.591111111,-0.585937999,-1.241041569,-0.914309066
1.595555556,-0.91227422,-1.632016235,-1.306002037
1.6,-0.782798881,-1.632016235,-1.241296587
1.604444444,-0.651624443,-1.502147163,-1.304563976
1.608888889,-1.172923997,-1.632016235,-0.981040344
1.613333333,-1.10697742,-1.241041569,-1.43560862
1.617777778,-0.845932916,-1.501691346,-1.044633954
1.622222222,-0.651624443,-1.241041569,-1.565933508
1.626666667,-0.521299554,-1.501691346,-1.436195681
1.631111111,-0.91227422,-1.241041569,-1.370772682
1.635555556,-0.651624443,-1.044178014,-0.915421104
1.64,-0.91227422,-0.785493586,-1.175808392
1.644444444,-1.04318617,-1.305877178,-0.848556901
1.648888889,-0.651624443,-1.241759875,-1.044633954
1.653333333,-0.91227422,-1.11156623,-0.914309066
1.657777778,-0.718158954,-1.371366458,-1.43560862
1.662222222,-1.108543318,-1.435744769,-1.891553686
1.666666667,-0.912992525,-1.371366458,-1.174958843
1.671111111,-0.847503937,-1.501691346,-1.043651181
1.675555556,-0.651624443,-1.371366458,-0.91207825
1.68,-0.718158954,-1.044178014,-0.914309066
1.684444444,-0.976455168,-1.307182546,-1.43560862
1.688888889,-1.042599108,-1.11156623,-0.653659289
1.693333333,-1.433573774,-1.502147163,-0.91207825
1.697777778,-1.172923997,-1.566267021,-1.238942428
1.702222222,-1.107500439,-0.850066903,-1.305283731
1.706666667,-1.042599108,-1.046926303,-0.914309066
1.711111111,-1.04318617,-1.501691346,-1.174958843
1.715555556,-0.91227422,-1.371366458,-1.175808392
1.72,-0.651624443,-1.044178014,-1.304563976
1.724444444,-0.912992525,-1.371953519,-0.915421104
1.728888889,-0.716328609,-1.241041569,-1.238942428
1.733333333,-0.91227422,-0.981372586,-0.977897924
1.737777778,-1.042599108,-1.241041569,-1.174107579
1.742222222,-1.042599108,-1.566658398,-1.306002037
1.746666667,-1.108543318,-1.241041569,-1.306002037
1.751111111,-0.781949331,-1.567048986,-1.175808392
1.755555556,-0.91227422,-1.044178014,-0.914309066
1.76,-1.172923997,-1.501691346,-1.238942428
1.764444444,-0.976455168,-1.305877178,-1.371424708
1.768888889,-1.108543318,-1.046926303,-1.044633954
1.773333333,-0.781098067,-1.435744769,-0.914309066
1.777777778,-1.042599108,-1.241759875,-1.175808392
1.782222222,-1.173379814,-1.501234609,-1.37011934
1.786666667,-1.303248886,-1.501234609,-1.436195681
1.791111111,-0.977109829,-1.110716681,-1.63090056
1.795555556,-1.303248886,-1.632340808,-1.305283731
1.8,-1.302923658,-1.632016235,-1.630509183
1.804444444,-1.172923997,-1.371366458,-1.043651181
1.808888889,-1.173379814,-1.177054424,-1.565933508
1.813333333,-0.912992525,-1.239600605,-1.043651181
1.817777778,-1.172923997,-1.437310667,-1.045614748
1.822222222,-1.04318617,-1.371366458,-0.914309066
1.826666667,-1.433573774,-1.436267788,-1.241296587
1.831111111,-0.651624443,-1.632016235,-1.175808392
1.835555556,-0.781098067,-1.174700266,-1.371424708
1.84,-1.17246726,-1.697049008,-1.174958843
1.844444444,-1.237499672,-1.307182546,-1.499986931
1.848888889,-0.651624443,-1.632340808,-0.719476515
1.853333333,-1.368021923,-1.696789273,-1.436195681
1.857777778,-1.303573458,-1.502147163,-1.174958843
1.862222222,-1.042599108,-1.240321814,-1.63090056
1.866666667,-1.172923997,-1.371366458,-1.043651181
1.871111111,-1.108543318,-1.501691346,-1.565933508
1.875555556,-1.042599108,-0.980391792,-1.371424708
1.88,-1.303248886,-1.305877178,-1.174958843
1.884444444,-1.237499672,-1.045095958,-1.371424708
1.888888889,-0.651624443,-1.371366458,-1.045614748
1.893333333,-0.976455168,-0.979409019,-1.174958843
1.897777778,-1.04318617,-1.11156623,-1.306002037
1.902222222,-1.172923997,-1.436789753,-1.36946468
1.906666667,-1.042599108,-1.109865416,-1.370772682
1.911111111,-1.303248886,-1.110716681,-1.306002037
1.915555556,-0.978415197,-1.632340808,-1.306002037
1.92,-1.238671439,-1.371366458,-1.436195681
1.924444444,-0.91227422,-1.632340808,-0.914309066
1.928888889,-1.563836453,-1.241759875,-1.436195681
1.933333333,-1.04318617,-1.436789753,-1.174958843
1.937777778,-1.172923997,-1.762341123,-1.501031915
1.942222222,-1.042599108,-1.241759875,-1.108420176
1.946666667,-1.238281637,-1.501691346,-0.914309066
1.951111111,-1.433573774,-1.437310667,-1.044633954
1.955555556,-1.433380055,-1.241759875,-1.36946468
1.96,-1.172923997,-1.241041569,-1.36946468
1.964444444,-1.172923997,-1.045095958,-1.499986931
1.968888889,-1.17246726,-0.980391792,-1.108420176
1.973333333,-1.10697742,-1.435744769,-1.240513448
1.977777778,-1.173379814,-1.502147163,-1.305283731
1.982222222,-0.91227422,-1.632016235,-1.175808392
1.986666667,-1.172923997,-1.109865416,-1.043651181
1.991111111,-1.303573458,-1.566267021,-1.175808392
1.995555556,-1.238671439,-1.631691007,-1.436195681
2,-1.563960747,-1.371366458,-1.174958843
2.004444444,-1.238281637,-1.370778212,-1.565933508
2.008888889,-1.368799561,-1.501691346,-1.108420176
2.013333333,-1.563898663,-1.435744769,-1.370772682
2.017777778,-0.912992525,-1.241041569,-1.240513448
2.022222222,-1.563960747,-1.241041569,-1.110254215
2.026666667,-1.368799561,-1.631691007,-1.175808392
2.031111111,-1.172923997,-1.762341123,-1.43560862
2.035555556,-1.563898663,-1.436789753,-1.044633954
2.04,-1.042599108,-1.501691346,-1.499986931
2.044444444,-1.108543318,-1.761953294,-1.436195681
2.048888889,-1.433573774,-1.241041569,-1.501031915
2.053333333,-1.629066427,-1.436789753,-1.306002037
2.057777778,-1.303248886,-1.566267021,-1.566389326
2.062222222,-1.108022404,-1.632016235,-1.238942428
2.066666667,-1.042599108,-1.632016235,-1.499986931
2.071111111,-1.042599108,-1.762147405,-1.240513448
2.075555556,-1.433380055,-1.502147163,-1.436195681
2.08,-1.237499672,-1.632016235,-0.914309066
2.084444444,-0.847503937,-1.436789753,-1.37011934
2.088888889,-1.433573774,-1.436789753,-1.43560862
2.093333333,-1.172923997,-1.371366458,-1.111168465
2.097777778,-1.042599108,-1.501691346,-1.371424708
2.102222222,-1.303248886,-1.110716681,-1.306002037
2.106666667,-1.563960747,-1.436789753,-1.371424708
2.111111111,-1.303248886,-1.241041569,-1.175808392
2.115555556,-1.108543318,-1.501691346,-1.371424708
2.12,-1.303248886,-2.0229909,-1.306002037
2.124444444,-1.042599108,-1.631365122,-1.43560862
2.128888889,-1.368021923,-1.370778212,-1.044633954
2.133333333,-1.302597773,-1.435744769,-1.238942428
2.137777778,-1.237891049,-1.566658398,-1.305283731
2.142222222,-1.563960747,-2.0229909,-1.436195681
2.146666667,-1.042599108,-1.632016235,-1.436195681
2.151111111,-1.172923997,-1.371366458,-1.175808392
2.155555556,-1.238671439,-1.632016235,-1.044633954
2.16,-1.433573774,-1.501691346,-1.37011934
2.164444444,-1.172923997,-1.632016235,-1.43560862
2.168888889,-1.368799561,-1.502147163,-1.565933508
2.173333333,-0.978415197,-1.697049008,-1.045614748
2.177777778,-1.563960747,-1.696789273,-0.981040344
2.182222222,-1.563836453,-1.501691346,-1.044633954
2.186666667,-1.302923658,-1.827311524,-1.566389326
2.191111111,-1.694223551,-1.762147405,-1.565933508
2.195555556,-1.498927682,-1.632016235,-1.436195681
2.2,-1.238671439,-1.827439618,-1.565476771
2.204444444,-1.694223551,-1.762147405,-1.43560862
2.208888889,-1.303248886,-1.892728096,-1.370772682
2.213333333,-1.173379814,-2.0229909,-1.305283731
2.217777778,-1.303248886,-1.371366458,-1.630509183
2.222222222,-1.82454844,-2.0229909,-1.43560862
2.226666667,-1.172923997,-1.69730822,-1.43560862
2.231111111,-1.042599108,-1.371366458,-1.044633954
2.235555556,-1.303248886,-1.762341123,-1.43560862
2.24,-1.954873328,-1.696789273,-1.175808392
2.244444444,-1.36854087,-1.632016235,-1.371424708
2.248888889,-1.173379814,-1.501234609,-1.36946468
2.253333333,-1.629062878,-1.241041569,-1.175808392
2.257777778,-1.759453488,-1.502147163,-1.565933508
2.262222222,-1.303248886,-1.371366458,-1.044633954
2.266666667,-1.759588679,-1.762534452,-1.565476771
2.271111111,-1.107500439,-1.241041569,-1.23972873
2.275555556,-1.498927682,-1.436267788,-1.174958843
2.28,-1.433573774,-1.632016235,-1.370772682
2.284444444,-1.237891049,-1.371366458,-1.565933508
2.288888889,-1.368021923,-1.892728096,-1.50050995
2.293333333,-1.172923997,-1.501691346,-1.630509183
2.297777778,-1.694292851,-1.501691346,-1.501552829
2.302222222,-1.498927682,-1.892728096,-1.370772682
2.306666667,-1.82454844,-1.632016235,-1.304563976
2.311111111,-1.824950462,-2.0229909,-1.23972873
2.315555556,-1.433573774,-1.762341123,-1.43560862
2.32,-1.82454844,-2.0229909,-1.566389326
2.324444444,-1.694154392,-1.957833776,-1.761550382
2.328888889,-1.368799561,-1.632016235,-1.044633954
2.333333333,-1.303573458,-2.283640678,-1.630509183
2.337777778,-1.563898663,-1.631691007,-1.565933508
2.342222222,-1.368021923,-1.827695031,-1.565933508
2.346666667,-1.563898663,-1.696789273,-1.241296587
2.351111111,-1.694154392,-1.632016235,-1.044633954
2.355555556,-1.563960747,-1.892603802,-1.69658297
2.36,-1.498927682,-1.371366458,-1.630509183
2.364444444,-1.954873328,-1.632016235,-1.566389326
2.368888889,-1.368021923,-1.502147163,-1.43560862
2.373333333,-1.303573458,-1.892666012,-1.174958843
2.377777778,-1.498800104,-1.892603802,-1.630509183
2.382222222,-1.759453488,-1.957826687,-1.565933508
2.386666667,-1.694292851,-1.566658398,-1.696258397
2.391111111,-1.368021923,-1.631691007,-1.174958843
2.395555556,-1.36854087,-2.087951274,-0.914309066
2.4,-1.433573774,-1.892728096,-1.044633954
2.404444444,-1.69436229,-2.153717811,-1.36946468
2.408888889,-1.759588679,-2.153516597,-1.305283731
2.413333333,-1.498544175,-1.696789273,-1.501031915
2.417777778,-1.694292851,-1.762534452,-1.305283731
2.422222222,-1.694154392,-2.153315789,-1.238942428
2.426666667,-1.82454844,-2.0229909,-1.305283731
2.431111111,-1.498800104,-1.632016235,-1.241296587
2.435555556,-1.498800104,-1.501691346,-0.914309066
2.44,-1.498800104,-2.088356028,-1.434430939
2.444444444,-1.302923658,-2.153315789,-1.304563976
2.448888889,-1.694292851,-1.696789273,-1.306002037
2.453333333,-1.433573774,-2.0229909,-1.631680951
2.457777778,-1.563898663,-1.762534452,-1.305283731
2.462222222,-1.172923997,-1.696789273,-1.110254215
2.466666667,-1.368021923,-1.892666012,-1.111168465
2.471111111,-1.172923997,-1.501691346,-1.826583286
2.475555556,-1.563836453,-1.632340808,-1.370772682
2.48,-1.694154392,-1.566658398,-1.43560862
2.484444444,-1.498927682,-1.501691346,-1.761031435
2.488888889,-1.302923658,-1.827311524,-1.696258397
2.493333333,-1.694223551,-2.0229909,-1.696258397
2.497777778,-1.563960747,-1.501691346,-1.175808392
2.502222222,-1.563960747,-1.632340808,-1.174958843
2.506666667,-1.433380055,-2.0230602,-1.43560862
2.511111111,-1.694223551,-1.69756691,-1.174958843
2.515555556,-1.302923658,-1.566658398,-1.238942428
2.52,-1.629066427,-1.696789273,-1.371424708
2.524444444,-1.498800104,-2.153315789,-1.89168178
2.528888889,-2.085198217,-1.697049008,-1.174958843
2.533333333,-1.563836453,-2.0229909,-1.631291149
2.537777778,-1.89011093,-2.413965566,-1.174107579
2.542222222,-1.759588679,-1.762341123,-1.305283731
2.546666667,-1.433573774,-2.0229909,-1.565933508
2.551111111,-1.824348036,-1.501691346,-1.76129117
2.555555556,-2.085198217,-1.631691007,-1.826583286
2.56,-1.759183925,-2.0230602,-1.174958843
2.564444444,-1.889577804,-1.567438788,-1.238942428
2.568888889,-1.759453488,-1.631691007,-1.501552829
2.573333333,-1.302923658,-1.501234609,-1.36946468
2.577777778,-1.954873328,-2.088356028,-1.826583286
2.582222222,-1.433767103,-1.632016235,-1.956908174
2.586666667,-1.694223551,-2.0230602,-1.43560862
2.591111111,-1.824348036,-1.892666012,-1.43560862
2.595555556,-1.629066427,-1.632016235,-1.23972873
2.6,-1.629055803,-2.022921741,-1.238942428
2.604444444,-1.694223551,-1.501691346,-1.371424708
2.608888889,-1.694223551,-1.957830228,-1.631291149
2.613333333,-1.89011093,-1.69756691,-1.826583286
2.617777778,-1.302923658,-1.957833776,-1.565933508
2.622222222,-2.215523106,-2.087951274,-1.695933169
2.626666667,-1.238281637,-2.153315789,-1.305283731
2.631111111,-1.694223551,-2.153115385,-1.565933508
2.635555556,-1.368281659,-2.0230602,-1.174958843
2.64,-1.433767103,-1.892728096,-1.630509183
2.644444444,-1.694223551,-2.022921741,-1.566389326
2.648888889,-1.82454844,-2.0229909,-1.826583286
2.653333333,-1.433380055,-2.28330903,-1.76129117
2.657777778,-1.498800104,-1.501691346,-1.826583286
2.662222222,-1.824348036,-1.307182546,-1.565933508
2.666666667,-1.563898663,-2.153315789,-1.371424708
2.671111111,-1.433573774,-1.957823152,-1.499986931
2.675555556,-1.433573774,-1.69756691,-1.305283731
2.68,-1.563898663,-1.827567453,-1.565933508
2.684444444,-1.82454844,-1.631691007,-1.565933508
2.688888889,-1.042599108,-2.022921741,-1.501552829
2.693333333,-1.563898663,-1.892666012,-1.631680951
2.697777778,-1.759588679,-1.632016235,-1.305283731
2.702222222,-1.82454844,-1.892728096,-1.566389326
2.706666667,-1.368021923,-1.501691346,-1.238942428
2.711111111,-1.433573774,-2.283640678,-1.696258397
2.715555556,-1.955538635,-2.088356028,-1.304563976
2.72,-1.04318617,-2.022921741,-1.761550382
2.724444444,-1.172923997,-2.088356028,-1.174958843
2.728888889,-1.694223551,-1.696789273,-1.306002037
2.733333333,-1.694292851,-1.892666012,-1.43560862
2.737777778,-1.563898663,-1.631691007,-1.63090056
2.742222222,-1.563898663,-1.501691346,-1.371424708
2.746666667,-2.085198217,-1.892728096,-1.501031915
2.751111111,-1.694154392,-2.0229909,-1.501031915
2.755555556,-1.172923997,-2.413965566,-1.566389326
2.76,-1.172923997,-1.892728096,-1.565933508
2.764444444,-1.368799561,-2.0229909,-1.175808392
2.768888889,-1.172923997,-2.153315789,-1.761031435
2.773333333,-1.563898663,-2.218878279,-1.305283731
2.777777778,-1.954873328,-1.892728096,-1.956970259
2.782222222,-1.563898663,-2.283640678,-1.826389567
2.786666667,-1.694292851,-2.022921741,-1.565476771
2.791111111,-1.824749248,-1.957833776,-1.761809072
2.795555556,-1.82454844,-1.892728096,-1.761809072
2.8,-1.563898663,-1.892603802,-1.826776614
2.804444444,-1.172923997,-1.632016235,-1.23972873
2.808888889,-1.563898663,-1.567438788,-1.565933508
2.813333333,-1.563960747,-1.892790056,-1.174958843
2.817777778,-1.433767103,-1.892666012,-1.695933169
2.822222222,-1.433767103,-1.370778212,-1.826389567
2.826666667,-1.759453488,-1.567438788,-1.435020374
2.831111111,-1.563960747,-1.762534452,-1.304563976
2.835555556,-1.954873328,-1.827311524,-1.826389567
2.84,-1.759588679,-1.762341123,-1.305283731
2.844444444,-1.368021923,-1.892666012,-1.501552829
2.848888889,-1.89011093,-1.827439618,-1.761031435
2.853333333,-1.368281659,-2.283640678,-1.63090056
2.857777778,-1.89011093,-2.0229909,-1.045614748
2.862222222,-1.498800104,-1.892728096,-1.696258397
2.866666667,-1.694223551,-1.762341123,-1.371424708
2.871111111,-2.216118441,-1.892666012,-1.69658297
2.875555556,-1.433380055,-2.153315789,-1.891553686
2.88,-1.82454844,-1.892666012,-1.826776614
2.884444444,-1.824348036,-1.69756691,-1.565476771
2.888888889,-1.563898663,-2.0229909,-1.69658297
2.893333333,-1.82454844,-1.827567453,-1.436195681
2.897777778,-1.563898663,-1.892728096,-1.695933169
2.902222222,-2.085198217,-1.827311524,-1.565933508
2.906666667,-2.085198217,-1.501691346,-1.696258397
2.911111111,-1.694154392,-2.088220838,-1.174958843
2.915555556,-1.954873328,-1.827567453,-1.63090056
2.92,-1.563898663,-1.892666012,-1.826776614
2.924444444,-1.759453488,-1.501691346,-1.631680951
2.928888889,-1.563774117,-1.696789273,-1.69658297
2.933333333,-1.563960747,-2.283640678,-1.435020374
2.937777778,-1.759588679,-1.632016235,-1.891553686
2.942222222,-1.433573774,-2.023129639,-1.695933169
2.946666667,-1.82454844,-1.892666012,-1.956970259
2.951111111,-1.82454844,-2.283640678,-2.283120442
2.955555556,-1.368799561,-2.284305984,-1.696258397
2.96,-1.694223551,-2.413965566,-1.435020374
2.964444444,-1.302923658,-2.088356028,-1.435020374
2.968888889,-1.303248886,-2.283640678,-1.435020374
2.973333333,-1.433767103,-2.087951274,-1.435020374
2.977777778,-1.694154392,-2.088220838,-1.499986931
2.982222222,-1.433573774,-1.957826687,-1.499986931
2.986666667,-1.368021923,-1.762147405,-1.501031915
2.991111111,-1.563898663,-1.827695031,-1.630509183
2.995555556,-1.302923658,-2.088220838,-1.436195681
3,-1.563898663,-2.088356028,-1.305283731
3.004444444,-1.433767103,-2.218611448,-1.370772682
3.008888889,-1.563898663,-2.283640678,-1.566389326
3.013333333,-1.954873328,-2.087951274,-1.565933508
3.017777778,-1.82454844,-2.283640678,-1.956783629
3.022222222,-1.694223551,-2.413965566,-1.565933508
3.026666667,-1.498927682,-2.0229909,-1.891553686
3.031111111,-1.172923997,-1.762534452,-1.761031435
3.035555556,-1.563836453,-2.153315789,-1.565476771
3.04,-1.629055803,-2.283640678,-1.50050995
3.044444444,-1.694223551,-1.827439618,-1.956908174
3.048888889,-1.563898663,-2.153315789,-1.891553686
3.053333333,-1.694223551,-2.218878279,-1.435020374
3.057777778,-1.759183925,-2.087951274,-1.826389567
3.062222222,-1.82454844,-1.762534452,-1.696258397
3.066666667,-1.82454844,-2.0229909,-1.696258397
3.071111111,-1.694223551,-2.348207517,-1.696258397
3.075555556,-1.563836453,-2.218079395,-1.696258397
3.08,-1.82454844,-1.892666012,-1.499986931
3.084444444,-1.95454168,-2.088356028,-1.43560862
3.088888889,-1.172923997,-2.413965566,-1.956970259
3.093333333,-1.759453488,-1.892603802,-1.37011934
3.097777778,-1.433767103,-2.283640678,-1.891553686
3.102222222,-1.694223551,-2.349400531,-1.826583286
3.106666667,-2.085198217,-1.762147405,-2.087233063
3.111111111,-1.824749248,-2.218878279,-1.696258397
3.115555556,-1.694223551,-2.0229909,-1.696258397
3.12,-1.433573774,-2.153315789,-2.087302362
3.124444444,-1.82454844,-2.153516597,-1.956908174
3.128888889,-1.694223551,-1.957823152,-1.891937193
3.133333333,-1.629055803,-2.0229909,-1.891553686
3.137777778,-1.433573774,-1.632016235,-1.565933508
3.142222222,-1.759588679,-2.088356028,-1.696258397
3.146666667,-2.281015928,-2.414429393,-1.501552829
3.151111111,-1.954873328,-2.218345153,-1.826583286
3.155555556,-2.020234708,-2.283972995,-1.956908174
3.16,-1.759183925,-2.283972995,-1.696258397
3.164444444,-1.824348036,-2.28330903,-2.087233063
3.168888889,-1.563898663,-1.827695031,-1.826583286
3.173333333,-1.82454844,-2.022921741,-1.826583286
3.177777778,-1.629066427,-1.892603802,-2.152463
3.182222222,-2.084735325,-2.153315789,-1.956970259
3.186666667,-1.954873328,-2.218079395,-1.891553686
3.191111111,-2.085198217,-2.218079395,-1.696258397
3.195555556,-2.019440167,-2.022921741,-1.371424708
3.2,-2.085198217,-1.957833776,-1.436195681
3.204444444,-2.019440167,-2.088356028,-1.956908174
3.208888889,-1.95454168,-2.088356028,-1.89168178
3.213333333,-1.889312046,-2.413965566,-1.566389326
3.217777778,-1.889312046,-2.218611448,-1.696258397
3.222222222,-1.629055803,-1.957830228,-1.43560862
3.226666667,-1.824749248,-2.088356028,-1.891937193
3.231111111,-1.82454844,-2.413502674,-1.695933169
3.235555556,-1.82454844,-2.153315789,-1.565933508
3.24,-1.955205646,-2.0229909,-1.696258397
3.244444444,-2.020633182,-2.218611448,-1.435020374
3.248888889,-1.694223551,-2.28330903,-1.696258397
3.253333333,-1.694154392,-2.28330903,-1.696258397
3.257777778,-1.824348036,-1.892728096,-1.501552829
3.262222222,-1.694223551,-2.153315789,-2.087233063
3.266666667,-2.215523106,-2.54488579,-1.826583286
3.271111111,-1.824749248,-2.153315789,-1.370772682
3.275555556,-1.954873328,-1.827439618,-1.826583286
3.28,-1.563836453,-2.153115385,-1.761031435
3.284444444,-1.694223551,-2.413965566,-1.696258397
3.288888889,-1.95454168,-2.087951274,-1.696258397
3.293333333,-1.954873328,-2.283640678,-1.826583286
3.297777778,-2.149568289,-2.022921741,-1.76129117
3.302222222,-1.95454168,-1.892603802,-1.696258397
3.306666667,-2.020234708,-1.892666012,-1.696258397
3.311111111,-1.433573774,-1.632016235,-1.826195457
3.315555556,-1.694292851,-2.479922783,-2.022075938
3.32,-1.824348036,-2.413965566,-2.087163903
3.324444444,-1.694223551,-2.153315789,-1.630509183
3.328888889,-1.694292851,-2.0230602,-1.826776614
3.333333333,-1.563898663,-2.349002057,-1.305283731
3.337777778,-1.694154392,-2.413965566,-1.436195681
3.342222222,-1.824348036,-2.413965566,-1.956845964
3.346666667,-1.759588679,-2.022921741,-1.695933169
3.351111111,-2.476172883,-2.218878279,-1.696258397
3.355555556,-1.89011093,-2.479922783,-1.696258397
3.36,-1.694223551,-1.957833776,-1.436195681
3.364444444,-2.345847994,-2.349400531,-1.956970259
3.368888889,-1.954873328,-2.283640678,-1.891809615
3.373333333,-1.824749248,-1.827567453,-1.89168178
3.377777778,-1.954873328,-2.47886362,-1.956845964
3.382222222,-1.824348036,-2.544290455,-2.022065315
3.386666667,-2.215523106,-2.153315789,-1.43560862
3.391111111,-1.694292851,-2.349400531,-1.696258397
3.395555556,-1.954873328,-2.153315789,-1.565476771
3.4,-1.954873328,-2.088220838,-1.826389567
3.404444444,-2.085198217,-2.088356028,-1.370772682
3.408888889,-2.281677685,-2.283640678,-1.826583286
3.413333333,-2.019837038,-1.892728096,-1.696258397
3.417777778,-1.955205646,-1.957830228,-2.087233063
3.422222222,-2.084735325,-2.413502674,-1.371424708
3.426666667,-1.824348036,-2.544290455,-1.696258397
3.431111111,-2.020234708,-2.218079395,-1.305283731
3.435555556,-1.89011093,-1.957833776,-2.087233063
3.44,-2.345847994,-1.892666012,-1.89168178
3.444444444,-2.085198217,-2.088356028,-1.43560862
3.448888889,-2.216118441,-2.087951274,-1.695933169
3.453333333,-2.214928969,-2.544290455,-2.087233063
3.457777778,-2.151155434,-1.957830228,-1.761031435
3.462222222,-1.694292851,-1.957833776,-1.371424708
3.466666667,-1.954873328,-2.28330903,-1.891553686
3.471111111,-2.084735325,-2.088356028,-2.022068849
3.475555556,-1.954873328,-2.153115385,-1.891553686
3.48,-1.889577804,-2.0229909,-1.957032218
3.484444444,-2.085198217,-2.283640678,-1.891553686
3.488888889,-1.889844098,-2.153516597,-1.696258397
3.493333333,-1.955205646,-2.088356028,-1.826583286
3.497777778,-1.824749248,-2.0230602,-1.761809072
3.502222222,-2.345847994,-2.153315789,-1.891809615
3.506666667,-1.954873328,-2.153516597,-1.69658297
3.511111111,-2.216118441,-2.283640678,-1.761809072
3.515555556,-2.476172883,-2.153115385,-1.696258397
3.52,-2.216118441,-2.153315789,-2.087233063
3.524444444,-1.498927682,-1.892666012,-1.891937193
3.528888889,-1.694292851,-2.413502674,-2.087233063
3.533333333,-2.084735325,-2.0229909,-1.565476771
3.537777778,-2.215523106,-2.348207517,-1.891553686
3.542222222,-1.954873328,-2.414429393,-1.761031435
3.546666667,-2.019837038,-2.283640678,-1.956970259
3.551111111,-2.215523106,-2.153115385,-1.631291149
3.555555556,-1.82454844,-2.153115385,-1.761809072
3.56,-2.281677685,-2.544290455,-1.566389326
3.564444444,-1.824749248,-2.0230602,-1.499986931
3.568888889,-2.215523106,-2.218878279,-1.631680951
3.573333333,-1.694223551,-2.413502674,-1.696258397
3.577777778,-1.889577804,-1.892666012,-2.087163903
3.582222222,-1.563898663,-2.153717811,-1.956908174
3.586666667,-1.954873328,-2.806658673,-2.087302362
3.591111111,-2.281015928,-2.088220838,-2.022075938
3.595555556,-1.889312046,-2.544290455,-1.826583286
3.6,-2.020633182,-2.608463759,-1.956970259
3.604444444,-1.95454168,-2.413965566,-2.282587316
3.608888889,-1.89011093,-2.479392667,-2.087302362
3.613333333,-1.95454168,-2.153516597,-2.022068849
3.617777778,-2.085198217,-2.413965566,-1.565933508
3.622222222,-1.82454844,-2.153315789,-1.826776614
3.626666667,-1.694223551,-2.0230602,-2.217557951
3.631111111,-2.214928969,-2.283640678,-1.696258397
3.635555556,-2.084735325,-2.544290455,-2.217357547
3.64,-2.019837038,-2.153115385,-2.087233063
3.644444444,-2.215523106,-2.348207517,-2.217357547
3.648888889,-1.95454168,-2.283640678,-2.022075938
3.653333333,-1.95454168,-2.153115385,-2.217557951
3.657777778,-1.82454844,-2.413502674,-2.478207728
3.662222222,-2.085198217,-2.413965566,-1.956970259
3.666666667,-2.215523106,-1.957826687,-2.152463
3.671111111,-2.281677685,-2.0229909,-1.43560862
3.675555556,-1.824348036,-2.283640678,-1.565933508
3.68,-2.345847994,-2.479922783,-1.69658297
3.684444444,-1.89011093,-2.283640678,-1.696258397
3.688888889,-2.412199937,-2.283640678,-2.087163903
3.693333333,-1.694223551,-2.544290455,-1.43560862
3.697777778,-2.215523106,-2.739382087,-1.891937193
3.702222222,-1.694223551,-2.479922783,-1.565933508
3.706666667,-2.085198217,-2.218878279,-1.826776614
3.711111111,-2.215523106,-2.218878279,-1.76129117
3.715555556,-2.084735325,-2.740967286,-1.696258397
3.72,-2.085662043,-2.413502674,-1.956970259
3.724444444,-2.410614738,-2.0229909,-1.956970259
3.728888889,-2.085198217,-2.218878279,-2.022065315
3.733333333,-2.086126807,-2.218878279,-2.087233063
3.737777778,-1.82454844,-2.413502674,-1.89168178
3.742222222,-1.954873328,-2.544290455,-1.631680951
3.746666667,-2.085198217,-2.153315789,-1.956845964
3.751111111,-2.345847994,-2.087951274,-1.956908174
3.755555556,-2.345122613,-2.153516597,-2.217557951
3.76,-1.629055803,-2.674615343,-1.826583286
3.764444444,-1.955205646,-2.54488579,-1.826389567
3.768888889,-2.411406538,-2.283972995,-2.087163903
3.773333333,-1.954873328,-2.544290455,-1.826776614
3.777777778,-1.89011093,-2.348604387,-2.34788284
3.782222222,-2.476172883,-2.414429393,-1.956845964
3.786666667,-1.82454844,-2.740967286,-2.347551192
3.791111111,-2.27969641,-2.0229909,-2.022068849
3.795555556,-1.89011093,-2.413965566,-2.608532617
3.8,-1.954873328,-2.610445035,-1.891553686
3.804444444,-2.085198217,-2.47886362,-1.826776614
3.808888889,-2.149568289,-2.348604387,-1.956970259
3.813333333,-2.085198217,-2.348207517,-2.21775876
3.817777778,-2.606497771,-2.543696318,-2.087233063
3.822222222,-1.889312046,-2.349400531,-2.15259819
3.826666667,-2.085198217,-2.413502674,-1.891809615
3.831111111,-2.150096271,-2.0229909,-1.565933508
3.835555556,-1.955205646,-2.413965566,-1.891809615
3.84,-1.95454168,-2.479392667,-1.826583286
3.844444444,-2.476172883,-2.283640678,-2.217557951
3.848888889,-2.345122613,-2.218079395,-2.478207728
3.853333333,-1.89011093,-2.413502674,-2.21775876
3.857777778,-1.82454844,-2.543696318,-1.956908174
3.862222222,-1.889577804,-2.413502674,-1.956908174
3.866666667,-1.95454168,-1.892666012,-2.217357547
3.871111111,-2.019837038,-2.0229909,-1.826776614
3.875555556,-2.412199937,-2.283972995,-1.826583286
3.88,-2.020633182,-2.0229909,-2.152193436
3.884444444,-2.085662043,-2.479922783,-2.283120442
3.888888889,-1.824749248,-2.28330903,-1.63090056
3.893333333,-2.150625318,-2.47886362,-2.34788284
3.897777778,-2.412199937,-1.957823152,-2.087233063
3.902222222,-1.759453488,-2.413965566,-1.695933169
3.906666667,-1.955205646,-2.28330903,-2.087302362
3.911111111,-2.216118441,-2.0229909,-1.956908174
3.915555556,-1.694223551,-2.544290455,-2.217557951
3.92,-2.085198217,-2.54488579,-1.565933508
3.924444444,-1.82454844,-2.283640678,-1.826776614
3.928888889,-1.95454168,-1.892666012,-1.565476771
3.933333333,-2.345847994,-2.544290455,-1.956908174
3.937777778,-2.215523106,-2.543696318,-2.217357547
3.942222222,-2.150096271,-2.413965566,-2.477744836
3.946666667,-2.215523106,-2.610445035,-1.826583286
3.951111111,-2.150625318,-2.0229909,-2.087233063
3.955555556,-2.084735325,-2.413502674,-1.696258397
3.96,-2.216118441,-2.414429393,-2.02207239
3.964444444,-2.084735325,-2.413502674,-2.087233063
3.968888889,-2.150625318,-2.153516597,-2.412449679
3.973333333,-2.346574839,-2.544290455,-2.21775876
3.977777778,-2.019837038,-2.28330903,-2.152193436
3.982222222,-2.346574839,-2.413965566,-2.087163903
3.986666667,-2.084735325,-2.804940232,-1.826583286
3.991111111,-2.085198217,-2.413965566,-1.956908174
3.995555556,-2.215523106,-2.349002057,-2.217357547
4,-2.019837038,-2.348207517,-2.41324422
4.004444444,-1.82454844,-2.348207517,-2.152193436
4.008888889,-2.149568289,-2.610445035,-1.63090056
4.013333333,-1.824348036,-2.54488579,-1.956908174
4.017777778,-1.824749248,-2.087951274,-2.087233063
4.022222222,-2.084735325,-2.610445035,-2.54363483
4.026666667,-1.955205646,-2.283640678,-1.826583286
4.031111111,-1.82454844,-2.609122854,-2.152463
4.035555556,-1.82454844,-2.479922783,-2.347551192
4.04,-2.345847994,-2.413965566,-2.41324422
4.044444444,-2.345847994,-2.479922783,-1.956908174
4.048888889,-2.27969641,-2.153115385,-2.609724491
4.053333333,-2.151155434,-2.348207517,-2.347551192
4.057777778,-2.085198217,-2.413965566,-2.543105782
4.062222222,-2.215523106,-2.153516597,-1.826776614
4.066666667,-2.345847994,-2.0229909,-2.15259819
4.071111111,-1.954873328,-2.218878279,-2.413642693
4.075555556,-2.214928969,-2.543696318,-1.891937193
4.08,-1.889844098,-2.479922783,-2.217557951
4.084444444,-2.215523106,-2.414429393,-2.217357547
4.088888889,-2.215523106,-2.609783277,-1.826583286
4.093333333,-2.345847994,-2.479392667,-2.347551192
4.097777778,-2.215523106,-2.47886362,-2.087233063
4.102222222,-1.89011093,-2.349400531,-1.956970259
4.106666667,-2.019440167,-2.675342188,-2.347551192
4.111111111,-2.214928969,-2.675342188,-2.478207728
4.115555556,-2.084735325,-2.54488579,-2.282321557
4.12,-1.954873328,-2.0229909,-1.69658297
4.124444444,-2.150096271,-2.544290455,-2.347551192
4.128888889,-1.82454844,-2.153315789,-1.826776614
4.133333333,-1.954873328,-2.413965566,-1.826776614
4.137777778,-2.085198217,-2.675342188,-2.217557951
4.142222222,-1.9542107,-2.543696318,-2.087233063
4.146666667,-2.345847994,-2.413965566,-2.478207728
4.151111111,-2.281677685,-2.413965566,-1.956908174
4.155555556,-2.085198217,-2.348207517,-2.412846549
4.16,-2.281015928,-2.283972995,-2.217557951
4.164444444,-2.215523106,-2.609122854,-1.956908174
4.168888889,-1.95454168,-2.08808592,-2.413642693
4.173333333,-1.82454844,-2.674615343,-2.34788284
4.177777778,-2.215523106,-2.283972995,-1.891809615
4.182222222,-2.345847994,-2.153516597,-2.087233063
4.186666667,-1.955205646,-2.544290455,-2.02207239
4.191111111,-2.214928969,-2.479922783,-2.087233063
4.195555556,-2.084735325,-2.413965566,-2.087163903
4.2,-2.085198217,-2.087951274,-2.217557951
4.204444444,-2.085198217,-2.673889963,-2.608532617
4.208888889,-2.085198217,-2.610445035,-2.152193436
4.213333333,-1.82454844,-2.218878279,-2.477744836
4.217777778,-1.954873328,-2.675342188,-2.412846549
4.222222222,-2.215523106,-2.544290455,-2.478207728
4.226666667,-1.563898663,-2.610445035,-2.478207728
4.231111111,-2.084735325,-2.478335638,-2.087233063
4.235555556,-2.149568289,-2.218878279,-2.34788284
4.24,-1.824749248,-2.218079395,-2.217357547
4.244444444,-2.281677685,-2.609783277,-2.412449679
4.248888889,-2.477031236,-2.218345153,-1.891809615
4.253333333,-2.281677685,-2.283640678,-2.34788284
4.257777778,-2.085198217,-2.349400531,-2.674687197
4.262222222,-1.694223551,-2.153516597,-2.608532617
4.266666667,-2.019837038,-2.610445035,-2.087233063
4.271111111,-1.694223551,-2.153115385,-2.217357547
4.275555556,-2.084735325,-2.349400531,-2.54363483
4.28,-2.019440167,-2.674615343,-2.282321557
4.284444444,-1.759453488,-2.283640678,-2.478207728
4.288888889,-2.085198217,-2.088220838,-2.28285361
4.293333333,-1.694223551,-2.610445035,-1.956970259
4.297777778,-2.084735325,-2.544290455,-1.956845964
4.302222222,-2.345847994,-2.348207517,-2.022065315
4.306666667,-2.215523106,-2.283640678,-2.087233063
4.311111111,-2.150625318,-2.413502674,-1.761031435
4.315555556,-1.955205646,-2.740173887,-1.956970259
4.32,-2.476172883,-2.413965566,-2.478207728
4.324444444,-2.020633182,-2.673889963,-2.477744836
4.328888889,-2.476172883,-2.284305984,-2.217557951
4.333333333,-2.606497771,-2.349400531,-2.608532617
4.337777778,-2.345847994,-2.609122854,-2.217357547
4.342222222,-2.346574839,-2.479922783,-2.217557951
4.346666667,-2.085662043,-2.413965566,-2.282321557
4.351111111,-2.346574839,-2.413965566,-1.956908174
4.355555556,-2.216714979,-2.348207517,-2.217357547
4.36,-2.215523106,-2.413965566,-2.413642693
4.364444444,-2.150625318,-2.804940232,-2.217557951
4.368888889,-1.954873328,-2.413502674,-2.478207728
4.373333333,-2.215523106,-2.478335638,-2.412846549
4.377777778,-2.345847994,-2.673889963,-2.413642693
4.382222222,-2.281677685,-2.675342188,-2.217557951
4.386666667,-2.412199937,-2.413965566,-2.022068849
4.391111111,-2.345847994,-2.610445035,-2.28285361
4.395555556,-1.954873328,-2.153315789,-2.022068849
4.4,-2.411406538,-2.479392667,-2.34788284
4.404444444,-2.410614738,-2.740967286,-2.34788284
4.408888889,-1.954873328,-2.413965566,-1.956845964
4.413333333,-2.345847994,-2.610445035,-2.543105782
4.417777778,-2.73682266,-2.675342188,-2.347551192
4.422222222,-2.215523106,-2.413965566,-2.34788284
4.426666667,-2.671133205,-2.740173887,-2.477744836
4.431111111,-2.346574839,-2.28330903,-1.956970259
4.435555556,-2.409824531,-2.674615343,-2.217557951
4.44,-2.084735325,-2.283972995,-2.608532617
4.444444444,-2.215523106,-2.218611448,-2.15259819
4.448888889,-2.085198217,-2.544290455,-2.608532617
4.453333333,-2.151155434,-2.608463759,-2.15259819
4.457777778,-2.019440167,-2.413502674,-2.152193436
4.462222222,-2.085662043,-2.608463759,-2.544164945
4.466666667,-2.412199937,-2.543696318,-2.34788284
4.471111111,-2.346574839,-2.478335638,-2.348215157
4.475555556,-2.215523106,-2.544290455,-2.087163903
4.48,-2.281677685,-2.675342188,-2.412449679
4.484444444,-2.085662043,-2.544290455,-2.348215157
4.488888889,-2.215523106,-2.675342188,-2.347551192
4.493333333,-2.085198217,-2.544290455,-2.608532617
4.497777778,-2.542722189,-2.739382087,-2.087233063
4.502222222,-2.281677685,-2.348207517,-2.347551192
4.506666667,-2.085662043,-2.218079395,-2.478207728
4.511111111,-2.606497771,-2.544290455,-2.608532617
4.515555556,-2.216118441,-2.544290455,-2.217357547
4.52,-2.215523106,-2.283972995,-2.54363483
4.524444444,-2.215523106,-2.93526512,-2.478207728
4.528888889,-2.607487634,-2.544290455,-2.087233063
4.533333333,-2.281677685,-3.065590009,-2.60793848
4.537777778,-2.475316258,-2.544290455,-2.60793848
4.542222222,-2.345122613,-2.804940232,-2.478207728
4.546666667,-2.412199937,-2.153315789,-2.608532617
4.551111111,-2.412199937,-2.413502674,-1.956908174
4.555555556,-2.215523106,-2.54488579,-2.348215157
4.56,-2.149568289,-2.93526512,-2.34788284
4.564444444,-2.215523106,-2.283640678,-2.217357547
4.568888889,-2.476172883,-2.870564497,-2.34788284
4.573333333,-2.409824531,-2.283972995,-1.826583286
4.577777778,-2.149568289,-2.544290455,-2.348215157
4.582222222,-2.280355504,-2.608463759,-1.826583286
4.586666667,-2.542722189,-2.544290455,-2.217357547
4.591111111,-2.475316258,-2.54488579,-2.478207728
4.595555556,-2.542722189,-3.000955107,-2.217557951
4.6,-2.151155434,-2.413965566,-2.217557951
4.604444444,-2.216118441,-2.414429393,-2.152193436
4.608888889,-2.606497771,-2.805798585,-2.087163903
4.613333333,-2.150096271,-2.740967286,-2.347551192
4.617777778,-2.216118441,-2.283640678,-2.805209449
4.622222222,-2.605509902,-2.740967286,-2.477744836
4.626666667,-2.215523106,-2.93526512,-2.804416049
4.631111111,-2.215523106,-2.544290455,-2.21775876
4.635555556,-2.539952653,-2.283640678,-2.217557951
4.64,-2.085198217,-2.153315789,-2.34788284
4.644444444,-2.606497771,-2.47886362,-2.478207728
4.648888889,-2.345847994,-2.740967286,-2.477744836
4.653333333,-2.215523106,-2.283640678,-2.217357547
4.657777778,-2.542722189,-2.283640678,-2.15259819
4.662222222,-2.346574839,-2.805798585,-2.67402544
4.666666667,-2.085198217,-2.934277251,-2.477744836
4.671111111,-2.475316258,-2.675342188,-2.60793848
4.675555556,-2.345122613,-2.610445035,-2.15259819
4.68,-2.412199937,-2.413502674,-1.956908174
4.684444444,-2.281677685,-2.805798585,-2.54363483
4.688888889,-2.476172883,-2.740967286,-2.347551192
4.693333333,-2.476172883,-2.740967286,-2.412846549
4.697777778,-2.281677685,-2.610445035,-2.60793848
4.702222222,-2.606497771,-2.283640678,-2.478207728
4.706666667,-1.954873328,-2.934277251,-2.478207728
4.711111111,-2.214928969,-2.804940232,-2.608532617
4.715555556,-2.280355504,-2.93526512,-2.477744836
4.72,-2.215523106,-2.93526512,-2.478207728
4.724444444,-2.216118441,-2.544290455,-2.413642693
4.728888889,-2.606497771,-2.740967286,-2.282321557
4.733333333,-2.608479496,-2.804083607,-2.348215157
4.737777778,-2.345847994,-2.673889963,-2.804416049
4.742222222,-2.345847994,-2.544290455,-2.413642693
4.746666667,-1.954873328,-2.609783277,-2.869182394
4.751111111,-2.476172883,-2.673889963,-2.283120442
4.755555556,-2.475316258,-2.609783277,-2.282321557
4.76,-2.73682266,-2.805798585,-2.34788284
4.764444444,-2.281677685,-3.065590009,-2.217557951
4.768888889,-2.085198217,-2.674615343,-2.9357317
4.773333333,-2.214928969,-2.804940232,-2.478207728
4.777777778,-2.345122613,-2.349400531,-2.34788284
4.782222222,-2.27969641,-2.868720002,-2.738857506
4.786666667,-2.606497771,-2.93526512,-2.152193436
4.791111111,-2.542722189,-2.674615343,-2.478207728
4.795555556,-2.73682266,-2.805798585,-2.672705921
4.8,-2.735703547,-2.674615343,-2.672705921
4.804444444,-2.412199937,-2.804940232,-2.087233063
4.808888889,-2.085198217,-2.86964132,-2.67402544
4.813333333,-2.605509902,-2.93526512,-2.478207728
4.817777778,-2.605509902,-2.674615343,-2.087233063
4.822222222,-2.085198217,-2.86964132,-2.087233063
4.826666667,-2.477031236,-2.740967286,-2.60793848
4.831111111,-2.867147548,-2.413502674,-2.478207728
4.835555556,-2.539952653,-2.414429393,-2.022068849
4.84,-2.085662043,-2.804083607,-2.608532617
4.844444444,-2.606497771,-2.47886362,-2.609127952
4.848888889,-2.607487634,-2.348207517,-2.34788284
4.853333333,-2.412199937,-2.739382087,-2.478207728
4.857777778,-2.412199937,-2.544290455,-2.477744836
4.862222222,-2.606497771,-2.871489538,-2.21775876
4.866666667,-1.759318571,-2.740967286,-2.608532617
4.871111111,-2.73682266,-2.544290455,-2.347551192
4.875555556,-2.476172883,-2.674615343,-2.477744836
4.88,-2.476172883,-3.00201179,-2.412449679
4.884444444,-2.345847994,-2.544290455,-2.477744836
4.888888889,-2.670080774,-2.283640678,-2.347551192
4.893333333,-2.539952653,-2.674615343,-2.348215157
4.897777778,-2.607487634,-2.609783277,-2.348215157
4.902222222,-2.477891324,-2.673889963,-2.738132125
4.906666667,-3.064811196,-2.93526512,-2.804416049
4.911111111,-2.27969641,-2.479922783,-2.738857506
4.915555556,-2.346574839,-2.283640678,-2.34788284
4.92,-2.606497771,-2.674615343,-2.28285361
4.924444444,-2.542722189,-2.413965566,-2.608532617
4.928888889,-2.215523106,-3.065590009,-2.282321557
4.933333333,-2.476172883,-2.610445035,-2.282321557
4.937777778,-2.412199937,-2.870564497,-2.477744836
4.942222222,-3.261420358,-2.674615343,-2.41324422
4.946666667,-2.735703547,-2.543696318,-2.738857506
4.951111111,-2.476172883,-2.804083607,-2.087233063
4.955555556,-2.215523106,-3.065590009,-2.347220211
4.96,-2.476172883,-2.543696318,-2.413642693
4.964444444,-2.73682266,-2.740173887,-2.67402544
4.968888889,-2.475316258,-2.936254983,-2.477744836
4.973333333,-2.411406538,-2.673889963,-2.673365016
4.977777778,-2.477031236,-2.543696318,-2.608532617
4.982222222,-2.214928969,-2.740173887,-2.217557951
4.986666667,-2.150096271,-2.93526512,-2.738132125
4.991111111,-2.216118441,-2.674615343,-2.608532617
4.995555556,-2.476172883,-2.804940232,-2.478207728
5,-2.27969641,-2.936254983,-2.805209449
5.004444444,-2.412199937,-2.674615343,-2.283120442
5.008888889,-2.542722189,-2.93526512,-2.478207728
5.013333333,-2.216118441,-2.478335638,-2.73958435
5.017777778,-2.73682266,-2.608463759,-2.674687197
5.022222222,-2.345847994,-2.871489538,-2.608532617
5.026666667,-2.671133205,-2.283640678,-2.609127952
5.031111111,-2.345122613,-2.804083607,-2.738857506
5.035555556,-2.606497771,-2.283640678,-2.347551192
5.04,-2.737944032,-2.675342188,-2.087233063
5.044444444,-2.476172883,-2.86964132,-2.478207728
5.048888889,-2.606497771,-2.675342188,-2.412449679
5.053333333,-2.215523106,-2.478335638,-2.478207728
5.057777778,-2.73682266,-2.871489538,-2.543105782
5.062222222,-2.672187758,-3.065590009,-2.347551192
5.066666667,-2.673244441,-2.218345153,-2.478207728
5.071111111,-3.063359588,-2.804083607,-2.608532617
5.075555556,-2.867147548,-2.868720002,-2.283120442
5.08,-2.346574839,-2.544290455,-2.60793848
5.084444444,-2.606497771,-2.543696318,-2.9357317
5.088888889,-2.607487634,-2.804940232,-2.412449679
5.093333333,-2.737944032,-2.413965566,-2.608532617
5.097777778,-2.606497771,-2.674615343,-2.412449679
5.102222222,-2.27969641,-2.803228706,-2.21775876
5.106666667,-2.737944032,-2.739382087,-2.477744836
5.111111111,-2.019440167,-3.066711381,-2.60793848
5.115555556,-2.605509902,-3.00201179,-2.609127952
5.12,-2.475316258,-2.934277251,-2.413642693
5.124444444,-2.346574839,-3.065590009,-2.413642693
5.128888889,-2.801392438,-2.934277251,-2.740312663
5.133333333,-2.605509902,-2.674615343,-2.740312663
5.137777778,-2.281015928,-2.804940232,-2.738857506
5.142222222,-2.475316258,-2.870564497,-2.413642693
5.146666667,-2.73682266,-2.608463759,-2.934806659
5.151111111,-2.867147548,-2.934277251,-2.869182394
5.155555556,-2.412199937,-2.804940232,-2.608532617
5.16,-2.346574839,-2.543696318,-3.066253952
5.164444444,-2.735703547,-2.674615343,-2.34788284
5.168888889,-2.346574839,-2.609783277,-2.673365016
5.173333333,-2.934288944,-3.130159787,-2.543105782
5.177777778,-2.346574839,-2.674615343,-2.73958435
5.182222222,-2.214928969,-2.739382087,-2.608532617
5.186666667,-2.737944032,-2.806658673,-2.34788284
5.191111111,-2.735703547,-2.804940232,-2.805209449
5.195555556,-2.410614738,-3.065590009,-2.868325769
5.2,-2.997472437,-3.066711381,-2.9357317
5.204444444,-2.476172883,-2.673889963,-2.868325769
5.208888889,-3.127797325,-2.608463759,-2.34788284
5.213333333,-2.996090835,-2.544290455,-2.34788284
5.217777778,-2.934288944,-2.544290455,-2.738857506
5.222222222,-2.606497771,-2.413965566,-2.870040748
5.226666667,-2.476172883,-2.673889963,-2.805209449
5.231111111,-2.73682266,-2.934277251,-2.870040748
5.235555556,-2.868400429,-3.066711381,-2.674687197
5.24,-2.409824531,-3.261736327,-2.73958435
5.244444444,-2.865897191,-2.740967286,-2.543105782
5.248888889,-2.606497771,-3.000955107,-2.608532617
5.253333333,-2.672187758,-3.000955107,-2.608532617
5.257777778,-2.477891324,-2.93526512,-2.217557951
5.262222222,-2.997472437,-2.413965566,-2.478207728
5.266666667,-2.865897191,-2.804940232,-2.347220211
5.271111111,-2.606497771,-2.673889963,-2.412449679
5.275555556,-2.346574839,-2.804940232,-2.934806659
5.28,-2.540873971,-3.132534042,-2.477744836
5.284444444,-2.475316258,-3.064470896,-2.478671555
5.288888889,-2.73682266,-2.934277251,-2.738857506
5.293333333,-2.409824531,-2.936254983,-2.609127952
5.297777778,-2.735703547,-2.86964132,-2.60793848
5.302222222,-2.215523106,-3.064470896,-2.477744836
5.306666667,-2.475316258,-2.936254983,-2.868325769
5.311111111,-2.345847994,-2.871489538,-2.5425778
5.315555556,-2.800208895,-2.740173887,-2.67402544
5.32,-2.215523106,-2.544290455,-2.608532617
5.324444444,-2.215523106,-3.065590009,-2.544164945
5.328888889,-2.997472437,-3.261736327,-2.5425778
5.333333333,-2.475316258,-3.066711381,-3.065197269
5.337777778,-2.605509902,-2.93526512,-2.999507283
5.342222222,-2.867147548,-2.804940232,-2.738857506
5.346666667,-2.477031236,-2.738591881,-2.34788284
5.351111111,-2.539952653,-2.804940232,-2.868325769
5.355555556,-2.865897191,-2.674615343,-2.738857506
5.36,-3.064811196,-3.000955107,-2.672705921
5.364444444,-2.542722189,-3.132534042,-2.674687197
5.368888889,-2.541797148,-2.739382087,-2.608532617
5.373333333,-2.931651671,-2.673889963,-2.999507283
5.377777778,-2.735703547,-3.130159787,-2.738857506
5.382222222,-2.867147548,-2.93526512,-2.869182394
5.386666667,-2.73682266,-3.260419021,-2.34788284
5.391111111,-2.802578368,-2.93526512,-2.738857506
5.395555556,-2.605509902,-3.132534042,-2.608532617
5.4,-2.606497771,-3.066711381,-2.34788284
5.404444444,-2.802578368,-2.93526512,-2.738857506
5.408888889,-3.000244013,-3.195914898,-2.999507283
5.413333333,-2.605509902,-2.93526512,-2.544164945
5.417777778,-2.73682266,-3.261736327,-2.608532617
5.422222222,-2.607487634,-3.065590009,-2.868325769
5.426666667,-2.802578368,-2.804940232,-2.805209449
5.431111111,-2.867147548,-2.93526512,-2.5425778
5.435555556,-2.800208895,-2.740967286,-2.999507283
5.44,-2.605509902,-2.93526512,-2.933883483
5.444444444,-2.73682266,-2.675342188,-2.869182394
5.448888889,-3.061910905,-3.000955107,-2.478207728
5.453333333,-2.542722189,-2.871489538,-2.608532617
5.457777778,-2.867147548,-3.260419021,-2.738857506
5.462222222,-2.345847994,-3.263056293,-2.60793848
5.466666667,-2.540873971,-2.544290455,-2.477744836
5.471111111,-3.195333448,-2.936254983,-2.60793848
5.475555556,-2.542722189,-3.263056293,-2.802834043
5.48,-2.996090835,-2.871489538,-2.999507283
5.484444444,-2.542722189,-3.195914898,-2.67402544
5.488888889,-2.73682266,-2.86964132,-2.477744836
5.493333333,-2.802578368,-3.00201179,-2.609127952
5.497777778,-2.542722189,-2.805798585,-2.5425778
5.502222222,-2.996090835,-2.934277251,-2.477744836
5.506666667,-2.477031236,-3.19466454,-2.544164945
5.511111111,-3.127797325,-2.934277251,-2.54363483
5.515555556,-2.73682266,-2.871489538,-2.998519414
5.52,-2.345847994,-2.868720002,-2.608532617
5.524444444,-2.800208895,-2.804083607,-2.933883483
5.528888889,-2.867147548,-3.324858184,-2.608532617
5.533333333,-2.997472437,-3.326239786,-2.478671555
5.537777778,-2.476172883,-3.064470896,-3.195587879
5.542222222,-2.998856827,-3.132534042,-3.066253952
5.546666667,-2.737944032,-3.065590009,-2.932962164
5.551111111,-2.73682266,-2.93526512,-2.60793848
5.555555556,-2.73682266,-2.675342188,-2.869182394
5.56,-3.259769622,-2.673889963,-2.67402544
5.564444444,-2.476172883,-3.19466454,-3.000497145
5.568888889,-2.345847994,-2.934277251,-2.738857506
5.573333333,-2.739067669,-3.326239786,-2.608532617
5.577777778,-3.064811196,-3.263056293,-2.998519414
5.582222222,-2.476172883,-2.868720002,-2.5425778
5.586666667,-2.998856827,-3.197167778,-2.5425778
5.591111111,-2.865897191,-3.324858184,-2.934806659
5.595555556,-2.735703547,-2.934277251,-2.868325769
5.6,-2.73682266,-3.456564675,-2.67402544
5.604444444,-2.868400429,-2.934277251,-3.129832171
5.608888889,-2.539952653,-3.00201179,-2.738857506
5.613333333,-2.867147548,-3.067835018,-2.999507283
5.617777778,-3.127797325,-2.936254983,-3.129832171
5.622222222,-2.73682266,-3.128976245,-2.998519414
5.626666667,-2.934288944,-3.263056293,-2.9357317
5.631111111,-2.867147548,-3.065590009,-2.477744836
5.635555556,-2.867147548,-2.609783277,-2.738857506
5.64,-2.476172883,-2.937246846,-2.998519414
5.644444444,-2.931651671,-3.066711381,-2.999507283
5.648888889,-2.476172883,-2.86964132,-2.152193436
5.653333333,-2.934288944,-2.805798585,-2.870900835
5.657777778,-2.996090835,-2.544290455,-2.608532617
5.662222222,-2.868400429,-2.93526512,-2.412846549
5.666666667,-2.605509902,-2.93526512,-2.608532617
5.671111111,-2.73682266,-3.260419021,-2.999507283
5.675555556,-2.735703547,-2.934277251,-2.738857506
5.68,-2.930337017,-3.128976245,-2.34788284
5.684444444,-2.671133205,-3.524100797,-2.869182394
5.688888889,-2.73682266,-2.86964132,-2.412449679
5.693333333,-3.127797325,-3.00201179,-2.933883483
5.697777778,-2.867147548,-3.131345717,-2.9357317
5.702222222,-2.540873971,-3.263056293,-2.9357317
5.706666667,-2.865897191,-3.065590009,-2.870900835
5.711111111,-2.997472437,-2.804940232,-3.129832171
5.715555556,-2.803766692,-3.065590009,-3.063090286
5.72,-2.996090835,-3.324858184,-2.802834043
5.724444444,-2.737944032,-2.936254983,-2.869182394
5.728888889,-2.73682266,-3.326239786,-2.869182394
5.733333333,-2.476172883,-3.065590009,-2.868325769
5.737777778,-2.607487634,-3.456564675,-2.869182394
5.742222222,-2.477031236,-3.19466454,-2.674687197
5.746666667,-2.542722189,-3.195914898,-2.608532617
5.751111111,-2.865897191,-2.674615343,-2.608532617
5.755555556,-2.475316258,-3.456564675,-3.064142716
5.76,-2.542722189,-3.392126937,-2.869182394
5.764444444,-2.867147548,-3.065590009,-2.674687197
5.768888889,-2.930337017,-3.130159787,-2.869182394
5.773333333,-2.867147548,-3.064470896,-2.869182394
5.777777778,-2.997472437,-3.00201179,-2.67402544
5.782222222,-3.064811196,-3.456564675,-2.869182394
5.786666667,-2.605509902,-3.326239786,-3.196776204
5.791111111,-2.607487634,-3.065590009,-2.999507283
5.795555556,-2.867147548,-2.804940232,-3.196776204
5.8,-2.73682266,-2.999900554,-2.869182394
5.804444444,-2.997472437,-3.197167778,-2.738857506
5.808888889,-2.865897191,-3.065590009,-2.869182394
5.813333333,-3.12628448,-2.804940232,-3.196776204
5.817777778,-3.258122214,-3.327624176,-3.262665353
5.822222222,-2.606497771,-3.065590009,-2.608532617
5.826666667,-2.735703547,-3.324858184,-2.998519414
5.831111111,-3.258122214,-2.868720002,-3.194401949
5.835555556,-3.193750198,-2.805798585,-3.130953543
5.84,-2.865897191,-3.131345717,-2.672705921
5.844444444,-2.541797148,-3.19466454,-2.932962164
5.848888889,-3.258122214,-2.868720002,-2.999507283
5.853333333,-2.867147548,-3.131345717,-3.066253952
5.857777778,-2.73682266,-3.458080574,-3.258906702
5.862222222,-2.996090835,-2.934277251,-3.130953543
5.866666667,-2.673244441,-3.065590009,-2.738132125
5.871111111,-3.192170138,-3.455051829,-2.73958435
5.875555556,-2.606497771,-3.326239786,-3.129832171
5.88,-3.064811196,-3.19466454,-2.998519414
5.884444444,-2.867147548,-3.065590009,-2.9357317
5.888888889,-2.930337017,-3.261736327,-3.065197269
5.893333333,-2.801392438,-3.130159787,-3.066253952
5.897777778,-3.195333448,-3.324858184,-2.805209449
5.902222222,-2.803766692,-3.128976245,-3.195587879
5.906666667,-2.934288944,-3.654623049,-2.803624249
5.911111111,-3.064811196,-3.327624176,-3.193218407
5.915555556,-2.865897191,-3.19842319,-2.869182394
5.92,-2.540873971,-3.654623049,-2.869182394
5.924444444,-2.73682266,-3.261736327,-2.869182394
5.928888889,-2.605509902,-3.065590009,-2.608532617
5.933333333,-2.345847994,-3.195914898,-2.999507283
5.937777778,-3.060465138,-3.263056293,-2.803624249
5.942222222,-2.867147548,-3.128976245,-3.193218407
5.946666667,-3.258122214,-3.263056293,-2.868325769
5.951111111,-2.606497771,-3.327624176,-2.999507283
5.955555556,-3.060465138,-3.130159787,-2.999507283
5.96,-2.865897191,-3.393578545,-2.868325769
5.964444444,-2.803766692,-3.00201179,-3.258906702
5.968888889,-2.73682266,-3.195914898,-2.999507283
5.973333333,-2.73682266,-3.065590009,-3.390481948
5.977777778,-2.930337017,-3.130159787,-3.196776204
5.982222222,-2.800208895,-3.327624176,-2.802834043
5.986666667,-2.735703547,-3.000955107,-3.129832171
5.991111111,-2.867147548,-3.522517547,-2.5425778
5.995555556,-3.129313224,-2.804940232,-3.000497145
6,-2.865897191,-3.065590009,-3.130953543
6.004444444,-3.060465138,-3.392126937,-3.128713058
6.008888889,-2.800208895,-3.456564675,-2.608532617
6.013333333,-3.325855699,-3.456564675,-2.608532617
6.017777778,-2.606497771,-3.195914898,-3.262665353
6.022222222,-2.997472437,-3.065590009,-3.196776204
6.026666667,-2.802578368,-2.93526512,-2.999507283
6.031111111,-3.325855699,-3.195914898,-3.129832171
6.035555556,-2.997472437,-3.263056293,-2.868325769
6.04,-3.258122214,-3.456564675,-3.390481948
6.044444444,-2.996090835,-3.393578545,-2.869182394
6.048888889,-3.127797325,-2.674615343,-2.998519414
6.053333333,-2.997472437,-3.326239786,-2.738132125
6.057777778,-2.803766692,-3.19466454,-3.128713058
6.062222222,-3.193750198,-3.326239786,-2.933883483
6.066666667,-3.129313224,-3.717214452,-2.999507283
6.071111111,-3.322429372,-3.390678254,-2.868325769
6.075555556,-2.73682266,-3.585245473,-2.738132125
6.08,-2.73682266,-3.654623049,-3.196776204
6.084444444,-3.060465138,-3.455051829,-3.324661183
6.088888889,-3.388447103,-3.197167778,-2.999507283
6.093333333,-3.12628448,-3.326239786,-2.67402544
6.097777778,-3.258122214,-3.132534042,-2.932962164
6.102222222,-3.129313224,-3.19466454,-2.999507283
6.106666667,-3.520682417,-2.804940232,-2.998519414
6.111111111,-3.192170138,-3.195914898,-3.456369099
6.115555556,-2.606497771,-3.065590009,-2.738857506
6.12,-3.060465138,-3.19466454,-3.391866338
6.124444444,-2.735703547,-3.718993369,-3.258906702
6.128888889,-3.127797325,-3.132534042,-2.999507283
6.133333333,-3.063359588,-3.066711381,-2.999507283
6.137777778,-2.931651671,-3.263056293,-2.608532617
6.142222222,-3.195333448,-3.389232487,-3.193218407
6.146666667,-3.060465138,-3.327624176,-2.608532617
6.151111111,-2.997472437,-3.586889563,-3.064142716
6.155555556,-2.672187758,-3.585245473,-2.999507283
6.16,-3.12628448,-3.586889563,-2.868325769
6.164444444,-2.865897191,-3.715439118,-3.325978489
6.168888889,-3.388447103,-3.263056293,-3.064142716
6.173333333,-3.12628448,-3.524100797,-2.999507283
6.177777778,-2.997472437,-2.93526512,-3.128713058
6.182222222,-2.996090835,-3.456564675,-2.999507283
6.186666667,-2.996090835,-3.392126937,-2.999507283
6.191111111,-3.193750198,-3.128976245,-2.868325769
6.195555556,-2.997472437,-3.458080574,-2.868325769
6.2,-2.672187758,-3.392126937,-2.999507283
6.204444444,-3.258122214,-3.260419021,-2.868325769
6.208888889,-3.388447103,-3.326239786,-2.608532617
6.213333333,-2.73682266,-3.389232487,-2.477744836
6.217777778,-3.518771991,-3.19466454,-3.129832171
6.222222222,-3.12628448,-2.93526512,-2.999507283
6.226666667,-2.605509902,-3.065590009,-2.870040748
6.231111111,-3.12628448,-3.586889563,-3.258906702
6.235555556,-2.73682266,-3.586889563,-3.130953543
6.24,-2.868400429,-3.065590009,-3.128713058
6.244444444,-3.060465138,-3.455051829,-2.999507283
6.248888889,-3.259769622,-3.066711381,-3.129832171
6.253333333,-3.324140808,-3.586889563,-3.194401949
6.257777778,-2.868400429,-3.263056293,-2.870900835
6.262222222,-3.064811196,-3.259104366,-2.738857506
6.266666667,-2.865897191,-3.588536971,-3.390481948
6.271111111,-2.997472437,-3.519360609,-2.805209449
6.275555556,-2.996090835,-3.524100797,-2.608532617
6.28,-3.127797325,-3.19466454,-2.868325769
6.284444444,-3.193750198,-3.326239786,-2.999507283
6.288888889,-2.934288944,-3.000955107,-2.999507283
6.293333333,-2.998856827,-3.456564675,-3.000497145
6.297777778,-2.606497771,-3.524100797,-2.870040748
6.302222222,-3.388447103,-3.131345717,-2.999507283
6.306666667,-3.061910905,-3.326239786,-2.9357317
6.311111111,-2.868400429,-3.588536971,-3.519293991
6.315555556,-2.671133205,-3.392126937,-3.063090286
6.32,-2.867147548,-3.000955107,-2.999507283
6.324444444,-3.12628448,-3.326239786,-2.934806659
6.328888889,-3.127797325,-2.93526512,-2.869182394
6.333333333,-3.127797325,-3.066711381,-2.869182394
6.337777778,-2.73682266,-3.324858184,-2.934806659
6.342222222,-3.450849502,-2.998848123,-3.258906702
6.346666667,-3.192170138,-3.392126937,-3.389100347
6.351111111,-3.386671768,-3.065590009,-3.129832171
6.355555556,-3.258122214,-3.456564675,-2.869182394
6.36,-3.192170138,-3.259104366,-3.128713058
6.364444444,-3.195333448,-3.326239786,-3.390481948
6.368888889,-3.258122214,-3.524100797,-3.128713058
6.373333333,-3.325855699,-3.326239786,-3.26015706
6.377777778,-3.127797325,-3.19466454,-3.128713058
6.382222222,-2.73682266,-3.065590009,-2.998519414
6.386666667,-3.518771991,-3.131345717,-3.26015706
6.391111111,-3.584922027,-3.19466454,-3.129832171
6.395555556,-3.127797325,-3.065590009,-3.651131725
6.4,-3.12628448,-3.585245473,-3.323346528
6.404444444,-3.256478124,-3.456564675,-3.066253952
6.408888889,-3.064811196,-3.065590009,-2.869182394
6.413333333,-3.388447103,-3.329011363,-3.195587879
6.417777778,-2.73682266,-3.066711381,-3.258906702
6.422222222,-3.518771991,-3.456564675,-2.998519414
6.426666667,-3.127797325,-3.19466454,-3.586759709
6.431111111,-3.064811196,-3.197167778,-3.258906702
6.435555556,-3.64909688,-3.456564675,-3.323346528
6.44,-3.520682417,-3.652908157,-3.195587879
6.444444444,-3.258122214,-3.520937487,-2.932962164
6.448888889,-3.127797325,-3.458080574,-2.869182394
6.453333333,-3.456377951,-3.131345717,-3.129832171
6.457777778,-3.259769622,-3.324858184,-2.998519414
6.462222222,-2.934288944,-3.717214452,-2.9357317
6.466666667,-3.127797325,-3.717214452,-3.26015706
6.471111111,-3.127797325,-3.455051829,-3.389100347
6.475555556,-3.192170138,-3.524100797,-3.523841697
6.48,-3.258122214,-3.19466454,-3.195587879
6.484444444,-3.456377951,-3.456564675,-3.390481948
6.488888889,-3.195333448,-3.588536971,-3.520806837
6.493333333,-3.258122214,-3.783298767,-3.000497145
6.497777778,-3.584922027,-3.456564675,-3.327298456
6.502222222,-3.320721381,-3.065590009,-3.129832171
6.506666667,-3.39022602,-3.456564675,-3.129832171
6.511111111,-3.258122214,-3.588536971,-3.129832171
6.515555556,-3.388447103,-3.326239786,-2.999507283
6.52,-3.060465138,-3.524100797,-3.454920416
6.524444444,-2.997472437,-3.456564675,-3.651131725
6.528888889,-3.258122214,-3.456564675,-3.520806837
6.533333333,-3.127797325,-3.065590009,-3.391866338
6.537777778,-3.324140808,-3.327624176,-3.588342959
6.542222222,-2.996090835,-3.586889563,-3.26015706
6.546666667,-3.12628448,-3.585245473,-3.258906702
6.551111111,-3.261420358,-3.84753934,-3.390481948
6.555555556,-3.129313224,-3.845632762,-3.129832171
6.56,-3.190593259,-3.131345717,-3.457820707
6.564444444,-3.12628448,-3.7851453,-3.066253952
6.568888889,-3.39022602,-3.522517547,-3.390481948
6.573333333,-3.12628448,-3.389232487,-3.195587879
6.577777778,-3.193750198,-3.456564675,-2.869182394
6.582222222,-2.998856827,-3.195914898,-2.999507283
6.586666667,-2.997472437,-3.583604691,-3.26015706
6.591111111,-3.518771991,-3.324858184,-3.520806837
6.595555556,-3.39022602,-3.456564675,-3.26015706
6.6,-3.386671768,-3.456564675,-3.520806837
6.604444444,-2.997472437,-3.520937487,-3.456369099
6.608888889,-3.256478124,-3.586889563,-2.999507283
6.613333333,-2.997472437,-3.915667552,-3.130953543
6.617777778,-2.997472437,-3.654623049,-3.261409941
6.622222222,-3.258122214,-3.064470896,-3.129832171
6.626666667,-2.997472437,-3.715439118,-3.065197269
6.631111111,-3.192170138,-3.456564675,-3.066253952
6.635555556,-2.997472437,-3.323479363,-3.129832171
6.64,-3.12628448,-3.586889563,-3.128713058
6.644444444,-2.997472437,-3.520937487,-3.519293991
6.648888889,-3.258122214,-3.456564675,-3.522322736
6.653333333,-3.256478124,-3.389232487,-2.998519414
6.657777778,-3.717422455,-3.520937487,-3.129832171
6.662222222,-3.258122214,-3.652908157,-3.651131725
6.666666667,-3.127797325,-3.64948873,-3.58517965
6.671111111,-3.388447103,-3.524100797,-3.129832171
6.675555556,-3.580977624,-3.588536971,-3.129832171
6.68,-3.388447103,-3.84753934,-3.391866338
6.684444444,-3.518771991,-3.326239786,-3.520806837
6.688888889,-3.717422455,-3.913689377,-2.998519414
6.693333333,-3.12628448,-3.715439118,-3.128713058
6.697777778,-3.060465138,-3.259104366,-2.999507283
6.702222222,-3.516865413,-3.195914898,-3.325978489
6.706666667,-3.516865413,-3.324858184,-3.588342959
6.711111111,-2.997472437,-3.197167778,-2.999507283
6.715555556,-3.586900203,-3.389232487,-3.390481948
6.72,-3.454531418,-3.845632762,-3.45347465
6.724444444,-3.456377951,-3.390678254,-3.258906702
6.728888889,-3.388447103,-3.586889563,-3.520806837
6.733333333,-3.127797325,-3.717214452,-3.390481948
6.737777778,-3.522596703,-3.195914898,-3.258906702
6.742222222,-3.647059057,-3.975826406,-3.520806837
6.746666667,-3.320721381,-3.586889563,-3.128713058
6.751111111,-3.516865413,-3.586889563,-2.999507283
6.755555556,-3.777252701,-3.718993369,-3.390481948
6.76,-3.386671768,-3.586889563,-3.717150319
6.764444444,-3.388447103,-3.64948873,-3.26015706
6.768888889,-3.520682417,-3.915667552,-3.129832171
6.773333333,-3.259769622,-3.911715188,-3.58517965
6.777777778,-3.452688605,-4.044079987,-2.999507283
6.782222222,-2.997472437,-3.84753934,-3.45347465
6.786666667,-3.779421768,-3.327624176,-3.522322736
6.791111111,-3.713207072,-3.326239786,-3.063090286
6.795555556,-3.717422455,-3.717214452,-3.130953543
6.8,-3.388447103,-3.586889563,-3.390481948
6.804444444,-3.258122214,-3.845632762,-3.586759709
6.808888889,-3.580977624,-3.392126937,-3.130953543
6.813333333,-3.518771991,-3.915667552,-3.258906702
6.817777778,-3.847944706,-3.195914898,-3.649487635
6.822222222,-3.259769622,-3.456564675,-2.999507283
6.826666667,-3.322429372,-3.849449766,-3.520806837
6.831111111,-3.325855699,-3.326239786,-3.519293991
6.835555556,-3.386671768,-3.845632762,-3.261409941
6.84,-3.127797325,-3.586889563,-3.45347465
6.844444444,-3.647059057,-3.456564675,-3.849387462
6.848888889,-3.127797325,-3.718993369,-3.519293991
6.853333333,-3.647059057,-3.977864229,-3.129832171
6.857777778,-3.847944706,-3.389232487,-2.999507283
6.862222222,-2.997472437,-3.326239786,-3.193218407
6.866666667,-3.129313224,-3.849449766,-3.129832171
6.871111111,-3.586900203,-3.717214452,-3.258906702
6.875555556,-3.711105745,-3.588536971,-3.26015706
6.88,-3.193750198,-3.326239786,-3.586759709
6.884444444,-3.586900203,-4.108189117,-3.649487635
6.888888889,-3.190593259,-3.911715188,-3.45347465
6.893333333,-3.388447103,-3.849449766,-3.588342959
6.897777778,-3.258122214,-3.84753934,-3.390481948
6.902222222,-3.388447103,-3.456564675,-3.651131725
6.906666667,-3.518771991,-3.845632762,-3.520806837
6.911111111,-3.127797325,-3.519360609,-3.261409941
6.915555556,-3.388447103,-3.654623049,-3.522322736
6.92,-3.586900203,-3.717214452,-3.325978489
6.924444444,-3.39022602,-3.717214452,-3.520806837
6.928888889,-2.997472437,-4.108189117,-3.519293991
6.933333333,-3.779421768,-3.651196721,-3.781456614
6.937777778,-3.452688605,-3.783298767,-3.781456614
6.942222222,-3.779421768,-3.849449766,-3.781456614
6.946666667,-3.386671768,-3.975826406,-3.718865211
6.951111111,-3.64909688,-4.108189117,-3.519293991
6.955555556,-3.647059057,-4.041974421,-3.323346528
6.96,-3.779421768,-3.654623049,-3.519293991
6.964444444,-3.779421768,-3.651196721,-3.456369099
6.968888889,-3.388447103,-3.455051829,-3.522322736
6.973333333,-3.388447103,-3.975826406,-3.390481948
6.977777778,-3.452688605,-3.915667552,-2.998519414
6.982222222,-3.259769622,-4.176712055,-3.456369099
6.986666667,-3.258122214,-3.779616851,-2.999507283
6.991111111,-3.516865413,-3.915667552,-3.196776204
6.995555556,-3.518771991,-3.585245473,-3.520806837
7,-3.847944706,-4.108189117,-3.45347465
7.004444444,-3.647059057,-3.717214452,-3.258906702
7.008888889,-3.584922027,-3.585245473,-3.327298456
7.013333333,-3.647059057,-3.975826406,-3.586759709
7.017777778,-3.580977624,-3.975826406,-3.258906702
7.022222222,-3.64909688,-3.455051829,-3.261409941
7.026666667,-3.779421768,-3.845632762,-3.26015706
7.031111111,-3.259769622,-3.718993369,-3.45347465
7.035555556,-3.518771991,-4.174470597,-3.390481948
7.04,-3.190593259,-3.456564675,-3.781456614
7.044444444,-3.518771991,-4.238514006,-3.390481948
7.048888889,-3.847944706,-3.913689377,-3.261409941
7.053333333,-3.64909688,-4.172233654,-3.389100347
7.057777778,-3.717422455,-3.586889563,-3.715438883
7.062222222,-3.325855699,-3.717214452,-3.454920416
7.066666667,-3.12628448,-3.7851453,-3.26015706
7.071111111,-3.518771991,-3.715439118,-3.457820707
7.075555556,-3.909746657,-3.717214452,-3.323346528
7.08,-3.450849502,-3.585245473,-3.519293991
7.084444444,-3.456377951,-3.588536971,-3.390481948
7.088888889,-3.909746657,-3.717214452,-3.519293991
7.093333333,-3.907446346,-4.108189117,-3.651131725
7.097777778,-3.781595213,-3.913689377,-3.717150319
7.102222222,-3.779421768,-3.651196721,-3.651131725
7.106666667,-3.779421768,-3.64948873,-3.651131725
7.111111111,-3.715312637,-3.84753934,-4.042106391
7.115555556,-3.978466958,-4.108189117,-3.26015706
7.12,-3.258122214,-3.7851453,-3.651131725
7.124444444,-3.580977624,-3.915667552,-3.389100347
7.128888889,-3.779421768,-3.915667552,-3.588342959
7.133333333,-3.715312637,-3.72077588,-3.77968128
7.137777778,-3.907446346,-3.654623049,-3.588342959
7.142222222,-3.845703247,-4.108189117,-3.651131725
7.146666667,-3.520682417,-4.106020051,-3.583602771
7.151111111,-3.518771991,-3.909744973,-3.651131725
7.155555556,-3.647059057,-3.979906164,-3.652779133
7.16,-3.647059057,-4.108189117,-3.847540929
7.164444444,-3.909746657,-3.84753934,-3.651131725
7.168888889,-3.518771991,-4.110362562,-3.457820707
7.173333333,-3.518771991,-3.651196721,-3.583602771
7.177777778,-4.040071545,-3.911715188,-3.389100347
7.182222222,-3.64909688,-3.913689377,-3.520806837
7.186666667,-3.325855699,-3.979906164,-2.999507283
7.191111111,-3.258122214,-3.654623049,-3.327298456
7.195555556,-3.647059057,-3.64948873,-3.586759709
7.2,-3.976093857,-3.909744973,-3.849387462
7.204444444,-3.647059057,-4.041974421,-4.110431966
7.208888889,-3.779421768,-3.977864229,-3.129832171
7.213333333,-3.516865413,-3.913689377,-3.651131725
7.217777778,-3.647059057,-3.7851453,-3.456369099
7.222222222,-3.973725539,-3.977864229,-3.520806837
7.226666667,-4.040071545,-3.977864229,-3.77968128
7.231111111,-4.106484467,-4.106020051,-3.519293991
7.235555556,-3.647059057,-4.044079987,-3.649487635
7.24,-3.978466958,-3.779616851,-3.588342959
7.244444444,-3.651138815,-4.106020051,-3.783235531
7.248888889,-3.713207072,-3.654623049,-4.17243128
7.253333333,-3.651138815,-3.456564675,-3.588342959
7.257777778,-3.841233866,-4.112540397,-3.26015706
7.262222222,-3.91205161,-4.307234307,-3.522322736
7.266666667,-3.64909688,-3.715439118,-4.040068569
7.271111111,-3.64909688,-3.84753934,-3.26015706
7.275555556,-3.909746657,-3.7851453,-3.649487635
7.28,-3.388447103,-3.977864229,-3.651131725
7.284444444,-3.779421768,-4.044079987,-3.651131725
7.288888889,-3.777252701,-3.718993369,-3.457820707
7.293333333,-3.978466958,-4.046189804,-3.849387462
7.297777778,-3.456377951,-4.046189804,-3.977931539
7.302222222,-3.713207072,-3.845632762,-3.909874924
7.306666667,-3.978466958,-3.977864229,-3.194401949
7.311111111,-3.907446346,-4.039873094,-3.77968128
7.315555556,-3.907446346,-4.176712055,-3.522322736
7.32,-3.777252701,-3.654623049,-3.520806837
7.324444444,-4.040071545,-3.586889563,-3.454920416
7.328888889,-3.647059057,-4.108189117,-3.652779133
7.333333333,-4.040071545,-4.307234307,-3.583602771
7.337777778,-3.91205161,-4.238514006,-3.519293991
7.342222222,-3.64909688,-4.108189117,-3.847540929
7.346666667,-3.777252701,-3.977864229,-4.17243128
7.351111111,-4.170396434,-4.176712055,-3.457820707
7.355555556,-3.713207072,-3.975826406,-3.651131725
7.36,-3.653184875,-3.717214452,-3.909874924
7.364444444,-3.779421768,-3.909744973,-3.909874924
7.368888889,-3.388447103,-4.236213695,-3.849387462
7.373333333,-4.10898921,-4.046189804,-3.649487635
7.377777778,-3.909746657,-4.110362562,-3.323346528
7.382222222,-3.64909688,-3.586889563,-3.849387462
7.386666667,-3.582947838,-3.849449766,-3.45347465
7.391111111,-3.456377951,-4.110362562,-3.909874924
7.395555556,-3.580977624,-4.238514006,-3.979909714
7.4,-3.713207072,-4.108189117,-3.77968128
7.404444444,-3.781595213,-4.236213695,-3.849387462
7.408888889,-3.651138815,-4.044079987,-3.588342959
7.413333333,-4.170396434,-4.174470597,-3.519293991
7.417777778,-3.907446346,-4.238514006,-3.519293991
7.422222222,-3.647059057,-4.307234307,-3.651131725
7.426666667,-3.909746657,-4.634893086,-3.588342959
7.431111111,-3.647059057,-4.368838895,-3.588342959
7.435555556,-3.518771991,-3.718993369,-3.390481948
7.44,-3.779421768,-4.044079987,-3.651131725
7.444444444,-4.040071545,-3.977864229,-3.390481948
7.448888889,-3.779421768,-3.84753934,-3.583602771
7.453333333,-3.518771991,-3.979906164,-3.651131725
7.457777778,-3.518771991,-4.435251816,-3.457820707
7.462222222,-3.779421768,-3.84753934,-4.042106391
7.466666667,-3.779421768,-4.368838895,-3.457820707
7.471111111,-3.779421768,-3.717214452,-4.040068569
7.475555556,-3.978466958,-4.174470597,-3.651131725
7.48,-3.777252701,-4.236213695,-3.909874924
7.484444444,-3.717422455,-4.499163783,-4.046194387
7.488888889,-3.651138815,-3.977864229,-3.519293991
7.493333333,-3.779421768,-3.977864229,-3.718865211
7.497777778,-4.170396434,-3.975826406,-3.652779133
7.502222222,-3.388447103,-4.108189117,-3.713730892
7.506666667,-3.777252701,-4.110362562,-3.324661183
7.511111111,-3.586900203,-4.170001215,-3.781456614
7.515555556,-3.978466958,-4.307234307,-4.174604724
7.52,-3.909746657,-4.240818959,-3.456369099
7.524444444,-3.582947838,-4.499163783,-3.718865211
7.528888889,-3.847944706,-4.044079987,-3.973987135
7.533333333,-3.777252701,-4.170001215,-3.973987135
7.537777778,-4.172964405,-4.368838895,-3.849387462
7.542222222,-3.907446346,-3.7851453,-3.973987135
7.546666667,-4.106484467,-4.368838895,-4.17243128
7.551111111,-3.651138815,-3.849449766,-3.583602771
7.555555556,-3.909746657,-4.307234307,-3.781456614
7.56,-3.978466958,-4.368838895,-4.040068569
7.564444444,-3.64909688,-3.779616851,-3.713730892
7.568888889,-4.040071545,-3.781455954,-3.652779133
7.573333333,-3.781595213,-4.108189117,-4.040068569
7.577777778,-3.909746657,-4.170001215,-3.713730892
7.582222222,-3.907446346,-4.108189117,-4.17243128
7.586666667,-4.10898921,-3.977864229,-4.110431966
7.591111111,-4.167833635,-3.977864229,-3.849387462
7.595555556,-3.971361988,-4.371275357,-3.520806837
7.6,-3.64909688,-4.108189117,-3.588342959
7.604444444,-3.584922027,-4.236213695,-3.77968128
7.608888889,-4.367265687,-4.240818959,-3.781456614
7.613333333,-4.040071545,-4.499163783,-3.717150319
7.617777778,-3.779421768,-3.909744973,-4.110431966
7.622222222,-3.518771991,-4.174470597,-3.520806837
7.626666667,-4.234244005,-3.979906164,-3.652779133
7.631111111,-3.717422455,-4.044079987,-3.45347465
7.635555556,-3.91205161,-4.176712055,-4.17243128
7.64,-3.976093857,-4.108189117,-4.238712759
7.644444444,-3.518771991,-4.240818959,-3.718865211
7.648888889,-3.783773048,-4.108189117,-3.718865211
7.653333333,-3.843466305,-3.913689377,-3.586759709
7.657777778,-3.847944706,-4.112540397,-4.17243128
7.662222222,-4.167833635,-3.915667552,-3.911781503
7.666666667,-3.779421768,-3.845632762,-3.781456614
7.671111111,-3.779421768,-4.108189117,-3.973987135
7.675555556,-3.64909688,-4.304861206,-3.77968128
7.68,-4.234244005,-4.307234307,-3.845698116
7.684444444,-3.64909688,-4.176712055,-3.77968128
7.688888889,-3.777252701,-3.909744973,-4.302756168
7.693333333,-4.300721322,-4.108189117,-4.174604724
7.697777778,-3.717422455,-4.366407339,-4.040068569
7.702222222,-4.040071545,-4.106020051,-4.238712759
7.706666667,-4.300721322,-4.371275357,-3.583602771
7.711111111,-4.040071545,-4.371275357,-4.17243128
7.715555556,-3.779421768,-4.108189117,-4.236475817
7.72,-4.170396434,-4.106020051,-3.783235531
7.724444444,-3.909746657,-4.238514006,-3.651131725
7.728888889,-3.779421768,-4.238514006,-3.911781503
7.733333333,-4.040071545,-3.915667552,-3.915606214
7.737777778,-4.044949392,-4.499163783,-3.77968128
7.742222222,-3.909746657,-4.371275357,-3.781456614
7.746666667,-3.64909688,-4.430257458,-4.302756168
7.751111111,-3.907446346,-4.046189804,-4.104115256
7.755555556,-4.431046211,-4.238514006,-3.973987135
7.76,-4.167833635,-4.106020051,-3.651131725
7.764444444,-4.040071545,-4.307234307,-3.911781503
7.768888889,-3.582947838,-4.368838895,-3.781456614
7.773333333,-3.847944706,-4.501731755,-4.236475817
7.777777778,-4.170396434,-4.110362562,-4.302756168
7.782222222,-4.167833635,-4.629488672,-3.845698116
7.786666667,-4.431046211,-4.172233654,-4.302756168
7.791111111,-3.978466958,-4.176712055,-4.042106391
7.795555556,-4.370033713,-4.629488672,-4.17243128
7.8,-4.040071545,-4.499163783,-4.108322149
7.804444444,-3.909746657,-4.629488672,-3.781456614
7.808888889,-3.779421768,-4.170001215,-3.911781503
7.813333333,-4.040071545,-4.307234307,-3.911781503
7.817777778,-4.300721322,-3.84753934,-3.649487635
7.822222222,-4.431046211,-4.307234307,-4.108322149
7.826666667,-4.170396434,-4.368838895,-3.77968128
7.831111111,-4.239511461,-4.496600984,-4.240954218
7.835555556,-4.361746352,-4.108189117,-4.17243128
7.84,-4.367265687,-4.044079987,-3.911781503
7.844444444,-3.779421768,-4.371275357,-3.781456614
7.848888889,-4.170396434,-4.236213695,-3.718865211
7.853333333,-4.170396434,-4.496600984,-4.17243128
7.857777778,-4.040071545,-4.435251816,-4.040068569
7.862222222,-4.300721322,-4.368838895,-3.651131725
7.866666667,-3.978466958,-4.172233654,-4.040068569
7.871111111,-4.167833635,-4.236213695,-3.651131725
7.875555556,-3.779421768,-4.496600984,-3.77968128
7.88,-4.167833635,-4.368838895,-4.17243128
7.884444444,-3.64909688,-4.108189117,-3.652779133
7.888888889,-4.170396434,-4.629488672,-3.651131725
7.893333333,-3.971361988,-4.108189117,-3.717150319
7.897777778,-3.777252701,-4.75981356,-4.174604724
7.902222222,-3.781595213,-4.176712055,-4.042106391
7.906666667,-4.170396434,-4.368838895,-4.044148326
7.911111111,-4.367265687,-4.368838895,-3.651131725
7.915555556,-4.170396434,-4.236213695,-4.499493979
7.92,-4.040071545,-4.565642426,-3.781456614
7.924444444,-4.431046211,-4.300129337,-4.234243378
7.928888889,-3.978466958,-4.632188152,-3.783235531
7.933333333,-4.040071545,-4.629488672,-4.17243128
7.937777778,-3.64909688,-4.240818959,-4.433081057
7.942222222,-4.042508008,-4.626794628,-4.236475817
7.946666667,-4.10898921,-4.829323314,-4.300455857
7.951111111,-3.91205161,-4.368838895,-4.042106391
7.955555556,-4.170396434,-4.568278811,-4.430649502
7.96,-4.433877201,-4.568278811,-3.911781503
7.964444444,-4.298027279,-4.632188152,-3.911781503
7.968888889,-4.03763999,-4.368838895,-4.433081057
7.973333333,-4.101490109,-4.496600984,-4.042106391
7.977777778,-4.631078217,-4.496600984,-4.17243128
7.982222222,-4.300721322,-4.829323314,-4.238712759
7.986666667,-4.10898921,-4.432752121,-4.433081057
7.991111111,-4.500555965,-4.499163783,-3.849387462
7.995555556,-3.779421768,-4.300129337,-4.433081057
